#
# There is insufficient memory for the Java Runtime Environment to continue.
# Native memory allocation (mmap) failed to map 1073741824 bytes. Error detail: committing reserved memory.
# Possible reasons:
#   The system is out of physical RAM or swap space
#   This process has exceeded the maximum number of memory mappings (check below
#     for `/proc/sys/vm/max_map_count` and `Total number of mappings`)
#   This process is running with CompressedOops enabled, and the Java Heap may be blocking the growth of the native heap
# Possible solutions:
#   Reduce memory load on the system
#   Increase physical memory or swap space
#   Check if swap backing store is full
#   Decrease Java heap size (-Xmx/-Xms)
#   Decrease number of Java threads
#   Decrease Java thread stack sizes (-Xss)
#   Set larger code cache with -XX:ReservedCodeCacheSize=
#   JVM is running with Zero Based Compressed Oops mode in which the Java heap is
#     placed in the first 32GB address space. The Java Heap base address is the
#     maximum limit for the native heap growth. Please use -XX:HeapBaseMinAddress
#     to set the Java Heap base and to place the Java Heap above 32GB virtual address.
# This output file may be truncated or incomplete.
#
#  Out of Memory Error (os_linux.cpp:3000), pid=2574, tid=2585
#
# JRE version: OpenJDK Runtime Environment Temurin-25.0.4.1+1 (25.0.4.1+1) (build 25.0.4.1+1-LTS)
# Java VM: OpenJDK 64-Bit Server VM Temurin-25.0.4.1+1 (25.0.4.1+1-LTS, mixed mode, sharing, tiered, compressed oops, compressed class ptrs, g1 gc, linux-amd64)
# No core dump will be written. Core dumps have been disabled. To enable core dumping, try "ulimit -c unlimited" before starting Java again
#

---------------  S U M M A R Y ------------

Command Line: -Xmx4g -Dfile.encoding=UTF-8 -Duser.country -Duser.language=en -Duser.variant org.jetbrains.java.decompiler.main.decompiler.ConsoleDecompiler -log=error --decompile-inner --remove-bridge --decompile-generics --ascii-strings --remove-synthetic --include-classpath --ignore-invalid-bytecode --bytecode-source-mapping --dump-code-lines --indent-string=     -cfg=/workspace/build/neoForm/neoFormJoined26.1.2-1/steps/listLibraries/libraries.txt /workspace/build/neoForm/neoFormJoined26.1.2-1/steps/setup/outputs.jar /workspace/build/neoForm/neoFormJoined26.1.2-1/steps/decompile/outputs.jar

Host: Intel(R) Xeon(R) Processor @ 2.50GHz, 2 cores, 2G, Debian GNU/Linux 12 (bookworm)
Time: Wed Sep  2 06:08:08 2026 UTC elapsed time: 7.337101 seconds (0d 0h 0m 7s)

---------------  T H R E A D  ---------------

Current thread (0x00007f76680ade30):  VMThread "VM Thread"          [id=2585, stack(0x00007f766c07a000,0x00007f766c17a000) (1024K)]

Stack: [0x00007f766c07a000,0x00007f766c17a000],  sp=0x00007f766c177b30,  free space=1014k
Native frames: (J=compiled Java code, j=interpreted, Vv=VM code, C=native code)
V  [libjvm.so+0x129e155]  VMError::report(outputStream*, bool)+0x2de5  (os_linux.cpp:3000)
V  [libjvm.so+0x12a0f3c]  VMError::report_and_die(int, char const*, char const*, __va_list_tag*, Thread*, unsigned char*, void const*, void const*, char const*, int, unsigned long)+0x2bc
V  [libjvm.so+0x12a1add]
V  [libjvm.so+0x79b38d]
V  [libjvm.so+0xe84a9f]  os::Linux::commit_memory_impl(char*, unsigned long, bool) [clone .part.0]+0xdf
V  [libjvm.so+0xe84ff2]  os::pd_commit_memory_or_exit(char*, unsigned long, unsigned long, bool, char const*)+0x82
V  [libjvm.so+0xe77bbb]  os::commit_memory_or_exit(char*, unsigned long, unsigned long, bool, char const*)+0x1b
V  [libjvm.so+0x9317ab]  G1PageBasedVirtualSpace::commit(unsigned long, unsigned long)+0x10b
V  [libjvm.so+0x949ea7]  G1RegionsLargerThanCommitSizeMapper::commit_regions(unsigned int, unsigned long, WorkerThreads*)+0xa7
V  [libjvm.so+0x91ab66]  G1HeapRegionManager::commit_regions(unsigned int, unsigned long, WorkerThreads*)+0x56
V  [libjvm.so+0x91c75c]  G1HeapRegionManager::expand(unsigned int, unsigned int, WorkerThreads*)+0x2c
V  [libjvm.so+0x91c965]  G1HeapRegionManager::expand_by(unsigned int, WorkerThreads*)+0x75
V  [libjvm.so+0x8cec21]  G1CollectedHeap::expand(unsigned long, WorkerThreads*, double*)+0xb1
V  [libjvm.so+0x8cf4c6]  G1CollectedHeap::expand_heap_after_young_collection()+0x46
V  [libjvm.so+0x9773b6]  G1YoungCollector::post_evacuate_collection_set(G1EvacInfo*, G1ParScanThreadStateSet*)+0x266
V  [libjvm.so+0x977821]  G1YoungCollector::collect()+0x441
V  [libjvm.so+0x8cc4e4]  G1CollectedHeap::do_collection_pause_at_safepoint_helper()+0x104
V  [libjvm.so+0x9744e1]  VM_G1CollectForAllocation::doit()+0x31
V  [libjvm.so+0x12a6f67]  VM_Operation::evaluate()+0x107
V  [libjvm.so+0x12aa5a2]  VMThread::evaluate_operation(VM_Operation*)+0x142
V  [libjvm.so+0x12ab1d7]  VMThread::inner_execute(VM_Operation*)+0x2e7
V  [libjvm.so+0x12ab497]  VMThread::run()+0xb7
V  [libjvm.so+0x1208aef]  Thread::call_run()+0x9f
V  [libjvm.so+0xe82ee6]  thread_native_entry(Thread*)+0xd6
VM_Operation (0x00007f766e08d050): G1CollectForAllocation, mode: safepoint, requested by thread 0x00007f766802b620


---------------  P R O C E S S  ---------------

Threads class SMR info:
_java_thread_list=0x00007f76680dbce0, length=10, elements={
0x00007f766802b620, 0x00007f76680b9620, 0x00007f76680bae50, 0x00007f76680bc8a0,
0x00007f76680be1c0, 0x00007f76680bfa40, 0x00007f76680c1840, 0x00007f76680c3230,
0x00007f76680d76d0, 0x00007f76680da9a0
}

Java Threads: ( => current thread )
  0x00007f766802b620 JavaThread "main"                              [_thread_blocked, id=2576, stack(0x00007f766df8f000,0x00007f766e08f000) (1024K)]
  0x00007f76680b9620 JavaThread "Reference Handler"          daemon [_thread_blocked, id=2586, stack(0x00007f764c3c0000,0x00007f764c4c0000) (1024K)]
  0x00007f76680bae50 JavaThread "Finalizer"                  daemon [_thread_blocked, id=2587, stack(0x00007f764c2bf000,0x00007f764c3bf000) (1024K)]
  0x00007f76680bc8a0 JavaThread "Signal Dispatcher"          daemon [_thread_blocked, id=2588, stack(0x00007f764c1be000,0x00007f764c2be000) (1024K)]
  0x00007f76680be1c0 JavaThread "Service Thread"             daemon [_thread_blocked, id=2589, stack(0x00007f764c0bd000,0x00007f764c1bd000) (1024K)]
  0x00007f76680bfa40 JavaThread "Monitor Deflation Thread"   daemon [_thread_blocked, id=2590, stack(0x00007f763df00000,0x00007f763e000000) (1024K)]
  0x00007f76680c1840 JavaThread "C2 CompilerThread0"         daemon [_thread_blocked, id=2591, stack(0x00007f763ddff000,0x00007f763deff000) (1024K)]
  0x00007f76680c3230 JavaThread "C1 CompilerThread0"         daemon [_thread_blocked, id=2592, stack(0x00007f763dcfe000,0x00007f763ddfe000) (1024K)]
  0x00007f76680d76d0 JavaThread "Notification Thread"        daemon [_thread_blocked, id=2593, stack(0x00007f763dbfd000,0x00007f763dcfd000) (1024K)]
  0x00007f76680da9a0 JavaThread "Common-Cleaner"             daemon [_thread_blocked, id=2594, stack(0x00007f763dafc000,0x00007f763dbfc000) (1024K)]
Total: 10

Other Threads:
=>0x00007f76680ade30 VMThread "VM Thread"                           [id=2585, stack(0x00007f766c07a000,0x00007f766c17a000) (1024K)]
  0x00007f766809db20 WatcherThread "VM Periodic Task Thread"        [id=2584, stack(0x00007f766c298000,0x00007f766c398000) (1024K)]
  0x00007f766805ae70 WorkerThread "GC Thread#0"                     [id=2578, stack(0x00007f766c9d3000,0x00007f766cad3000) (1024K)]
  0x00007f7624006470 WorkerThread "GC Thread#1"                     [id=2596, stack(0x00007f763d9fb000,0x00007f763dafb000) (1024K)]
  0x00007f76680746c0 ConcurrentGCThread "G1 Main Marker"            [id=2579, stack(0x00007f766c8d2000,0x00007f766c9d2000) (1024K)]
  0x00007f7668075890 WorkerThread "G1 Conc#0"                       [id=2580, stack(0x00007f766c7d1000,0x00007f766c8d1000) (1024K)]
  0x00007f7668085bb0 ConcurrentGCThread "G1 Refine#0"               [id=2581, stack(0x00007f766c4ce000,0x00007f766c5ce000) (1024K)]
  0x00007f7668086da0 ConcurrentGCThread "G1 Service"                [id=2582, stack(0x00007f766c3cd000,0x00007f766c4cd000) (1024K)]
Total: 8

Threads with active compile tasks:
C2 CompilerThread0  7417 1753       4       org.jetbrains.java.decompiler.struct.StructMember::readAttributes (285 bytes)
Total: 1

VM state: at safepoint (normal execution)

VM Mutex/Monitor currently owned by a thread:  ([mutex/lock_event])
[0x00007f766f967248] Threads_lock - owner thread: 0x00007f76680ade30
[0x00007f766f9670c8] Heap_lock - owner thread: 0x00007f766802b620

Heap address: 0x0000000700000000, size: 4096 MB, Compressed Oops mode: Zero based, Oop shift amount: 3

CDS archive(s) mapped at: [0x0000000066000000-0x0000000066d96000-0x0000000066d96000), size 14245888, SharedBaseAddress: 0x0000000066000000, ArchiveRelocationMode: 1.
Compressed class space mapped at: 0x0000000067000000-0x00000000a7000000, reserved size: 1073741824
UseCompressedClassPointers 1, UseCompactObjectHeaders 0
Narrow klass pointer bits 32, Max shift 3
Narrow klass base: 0x0000000066000000, Narrow klass shift: 0
Encoding Range: [0x0000000066000000 - 0x0000000166000000), (4294967296 bytes)
Klass Range:    [0x0000000066001000 - 0x00000000a7000000), (1090514944 bytes)
Klass ID Range:  [4096 - 1090519033) (1090514937)
Protection zone: [0x0000000066000000 - 0x0000000066001000), (4096 bytes)

GC Precious Log:
 CardTable entry size: 512
 Card Set container configuration: InlinePtr #cards 4 size 8 Array Of Cards #cards 16 size 48 Howl #buckets 8 coarsen threshold 3686 Howl Bitmap #cards 512 size 80 coarsen threshold 460 Card regions per heap region 1 cards per card region 4096
 CPUs: 2 total, 2 available
 Memory: 2048M
 Large Page Support: Disabled
 NUMA Support: Disabled
 Compressed Oops: Enabled (Zero based)
 Heap Region Size: 2M
 Heap Min Capacity: 8M
 Heap Initial Capacity: 32M
 Heap Max Capacity: 4G
 Pre-touch: Disabled
 Parallel Workers: 2
 Concurrent Workers: 1
 Concurrent Refinement Workers: 2
 Periodic GC: Disabled

Heap:
 garbage-first heap   total reserved 4194304K, committed 548864K, used 360448K [0x0000000700000000, 0x0000000800000000)
  region size 2048K, 7 young (14336K), 7 survivors (14336K)

Heap Regions: E=young(eden), S=young(survivor), O=old, HS=humongous(starts), HC=humongous(continues), CS=collection set, F=free, TAMS=top-at-mark-start, PB=parsable bottom
|   0|0x0000000700000000, 0x0000000700200000, 0x0000000700200000|100%| O|  |TAMS 0x0000000700200000| PB 0x0000000700000000| Untracked |  0
|   1|0x0000000700200000, 0x0000000700400000, 0x0000000700400000|100%| O|  |TAMS 0x0000000700400000| PB 0x0000000700200000| Untracked |  0
|   2|0x0000000700400000, 0x0000000700600000, 0x0000000700600000|100%| O|  |TAMS 0x0000000700600000| PB 0x0000000700400000| Untracked |  0
|   3|0x0000000700600000, 0x0000000700800000, 0x0000000700800000|100%| O|  |TAMS 0x0000000700800000| PB 0x0000000700600000| Untracked |  0
|   4|0x0000000700800000, 0x0000000700a00000, 0x0000000700a00000|100%| O|  |TAMS 0x0000000700a00000| PB 0x0000000700800000| Untracked |  0
|   5|0x0000000700a00000, 0x0000000700c00000, 0x0000000700c00000|100%| O|  |TAMS 0x0000000700c00000| PB 0x0000000700a00000| Untracked |  0
|   6|0x0000000700c00000, 0x0000000700e00000, 0x0000000700e00000|100%|HS|  |TAMS 0x0000000700e00000| PB 0x0000000700c00000| Complete |  0
|   7|0x0000000700e00000, 0x0000000701000000, 0x0000000701000000|100%|HS|  |TAMS 0x0000000701000000| PB 0x0000000700e00000| Complete |  0
|   8|0x0000000701000000, 0x0000000701200000, 0x0000000701200000|100%|HC|  |TAMS 0x0000000701200000| PB 0x0000000701000000| Complete |  0
|   9|0x0000000701200000, 0x0000000701400000, 0x0000000701400000|100%| O|  |TAMS 0x0000000701400000| PB 0x0000000701200000| Untracked |  0
|  10|0x0000000701400000, 0x0000000701600000, 0x0000000701600000|100%| O|  |TAMS 0x0000000701600000| PB 0x0000000701400000| Untracked |  0
|  11|0x0000000701600000, 0x0000000701800000, 0x0000000701800000|100%| O|  |TAMS 0x0000000701800000| PB 0x0000000701600000| Untracked |  0
|  12|0x0000000701800000, 0x0000000701a00000, 0x0000000701a00000|100%| O|  |TAMS 0x0000000701a00000| PB 0x0000000701800000| Untracked |  0
|  13|0x0000000701a00000, 0x0000000701c00000, 0x0000000701c00000|100%| O|  |TAMS 0x0000000701c00000| PB 0x0000000701a00000| Untracked |  0
|  14|0x0000000701c00000, 0x0000000701e00000, 0x0000000701e00000|100%| O|  |TAMS 0x0000000701e00000| PB 0x0000000701c00000| Untracked |  0
|  15|0x0000000701e00000, 0x0000000702000000, 0x0000000702000000|100%| O|  |TAMS 0x0000000702000000| PB 0x0000000701e00000| Untracked |  0
|  16|0x0000000702000000, 0x0000000702200000, 0x0000000702200000|100%| O|  |TAMS 0x0000000702200000| PB 0x0000000702000000| Untracked |  0
|  17|0x0000000702200000, 0x0000000702400000, 0x0000000702400000|100%| O|  |TAMS 0x0000000702400000| PB 0x0000000702200000| Untracked |  0
|  18|0x0000000702400000, 0x0000000702600000, 0x0000000702600000|100%| O|  |TAMS 0x0000000702600000| PB 0x0000000702400000| Untracked |  0
|  19|0x0000000702600000, 0x0000000702800000, 0x0000000702800000|100%| O|  |TAMS 0x0000000702800000| PB 0x0000000702600000| Untracked |  0
|  20|0x0000000702800000, 0x0000000702a00000, 0x0000000702a00000|100%| O|  |TAMS 0x0000000702a00000| PB 0x0000000702800000| Untracked |  0
|  21|0x0000000702a00000, 0x0000000702c00000, 0x0000000702c00000|100%| O|  |TAMS 0x0000000702a00000| PB 0x0000000702a00000| Untracked |  0
|  22|0x0000000702c00000, 0x0000000702e00000, 0x0000000702e00000|100%| O|  |TAMS 0x0000000702e00000| PB 0x0000000702c00000| Untracked |  0
|  23|0x0000000702e00000, 0x0000000703000000, 0x0000000703000000|100%| O|  |TAMS 0x0000000703000000| PB 0x0000000702e00000| Untracked |  0
|  24|0x0000000703000000, 0x0000000703200000, 0x0000000703200000|100%| O|  |TAMS 0x0000000703200000| PB 0x0000000703000000| Untracked |  0
|  25|0x0000000703200000, 0x0000000703400000, 0x0000000703400000|100%| O|  |TAMS 0x0000000703400000| PB 0x0000000703200000| Untracked |  0
|  26|0x0000000703400000, 0x0000000703600000, 0x0000000703600000|100%| O|  |TAMS 0x0000000703600000| PB 0x0000000703400000| Untracked |  0
|  27|0x0000000703600000, 0x0000000703800000, 0x0000000703800000|100%| O|  |TAMS 0x0000000703800000| PB 0x0000000703600000| Untracked |  0
|  28|0x0000000703800000, 0x0000000703a00000, 0x0000000703a00000|100%| O|  |TAMS 0x0000000703a00000| PB 0x0000000703800000| Untracked |  0
|  29|0x0000000703a00000, 0x0000000703c00000, 0x0000000703c00000|100%| O|  |TAMS 0x0000000703c00000| PB 0x0000000703a00000| Untracked |  0
|  30|0x0000000703c00000, 0x0000000703e00000, 0x0000000703e00000|100%| O|  |TAMS 0x0000000703e00000| PB 0x0000000703c00000| Untracked |  0
|  31|0x0000000703e00000, 0x0000000704000000, 0x0000000704000000|100%| O|  |TAMS 0x0000000704000000| PB 0x0000000703e00000| Untracked |  0
|  32|0x0000000704000000, 0x0000000704200000, 0x0000000704200000|100%| O|  |TAMS 0x0000000704200000| PB 0x0000000704000000| Untracked |  0
|  33|0x0000000704200000, 0x0000000704400000, 0x0000000704400000|100%| O|  |TAMS 0x0000000704400000| PB 0x0000000704200000| Untracked |  0
|  34|0x0000000704400000, 0x0000000704600000, 0x0000000704600000|100%| O|  |TAMS 0x0000000704600000| PB 0x0000000704400000| Untracked |  0
|  35|0x0000000704600000, 0x0000000704800000, 0x0000000704800000|100%| O|  |TAMS 0x0000000704800000| PB 0x0000000704600000| Untracked |  0
|  36|0x0000000704800000, 0x0000000704a00000, 0x0000000704a00000|100%| O|  |TAMS 0x0000000704a00000| PB 0x0000000704800000| Untracked |  0
|  37|0x0000000704a00000, 0x0000000704c00000, 0x0000000704c00000|100%| O|  |TAMS 0x0000000704c00000| PB 0x0000000704a00000| Untracked |  0
|  38|0x0000000704c00000, 0x0000000704e00000, 0x0000000704e00000|100%| O|  |TAMS 0x0000000704e00000| PB 0x0000000704c00000| Untracked |  0
|  39|0x0000000704e00000, 0x0000000705000000, 0x0000000705000000|100%| O|  |TAMS 0x0000000705000000| PB 0x0000000704e00000| Untracked |  0
|  40|0x0000000705000000, 0x0000000705200000, 0x0000000705200000|100%| O|  |TAMS 0x0000000705200000| PB 0x0000000705000000| Untracked |  0
|  41|0x0000000705200000, 0x0000000705400000, 0x0000000705400000|100%| O|  |TAMS 0x0000000705400000| PB 0x0000000705200000| Untracked |  0
|  42|0x0000000705400000, 0x0000000705600000, 0x0000000705600000|100%| O|  |TAMS 0x0000000705600000| PB 0x0000000705400000| Untracked |  0
|  43|0x0000000705600000, 0x0000000705800000, 0x0000000705800000|100%| O|  |TAMS 0x0000000705800000| PB 0x0000000705600000| Untracked |  0
|  44|0x0000000705800000, 0x0000000705a00000, 0x0000000705a00000|100%| O|  |TAMS 0x0000000705a00000| PB 0x0000000705800000| Untracked |  0
|  45|0x0000000705a00000, 0x0000000705c00000, 0x0000000705c00000|100%| O|  |TAMS 0x0000000705c00000| PB 0x0000000705a00000| Untracked |  0
|  46|0x0000000705c00000, 0x0000000705e00000, 0x0000000705e00000|100%| O|  |TAMS 0x0000000705e00000| PB 0x0000000705c00000| Untracked |  0
|  47|0x0000000705e00000, 0x0000000706000000, 0x0000000706000000|100%| O|  |TAMS 0x0000000706000000| PB 0x0000000705e00000| Untracked |  0
|  48|0x0000000706000000, 0x0000000706200000, 0x0000000706200000|100%| O|  |TAMS 0x0000000706200000| PB 0x0000000706000000| Untracked |  0
|  49|0x0000000706200000, 0x0000000706400000, 0x0000000706400000|100%| O|  |TAMS 0x0000000706400000| PB 0x0000000706200000| Untracked |  0
|  50|0x0000000706400000, 0x0000000706600000, 0x0000000706600000|100%| O|  |TAMS 0x0000000706600000| PB 0x0000000706400000| Untracked |  0
|  51|0x0000000706600000, 0x0000000706800000, 0x0000000706800000|100%| O|  |TAMS 0x0000000706800000| PB 0x0000000706600000| Untracked |  0
|  52|0x0000000706800000, 0x0000000706a00000, 0x0000000706a00000|100%| O|  |TAMS 0x0000000706a00000| PB 0x0000000706800000| Untracked |  0
|  53|0x0000000706a00000, 0x0000000706c00000, 0x0000000706c00000|100%| O|  |TAMS 0x0000000706c00000| PB 0x0000000706a00000| Untracked |  0
|  54|0x0000000706c00000, 0x0000000706e00000, 0x0000000706e00000|100%| O|  |TAMS 0x0000000706e00000| PB 0x0000000706c00000| Untracked |  0
|  55|0x0000000706e00000, 0x0000000707000000, 0x0000000707000000|100%| O|  |TAMS 0x0000000707000000| PB 0x0000000706e00000| Untracked |  0
|  56|0x0000000707000000, 0x0000000707200000, 0x0000000707200000|100%| O|  |TAMS 0x0000000707200000| PB 0x0000000707000000| Untracked |  0
|  57|0x0000000707200000, 0x0000000707400000, 0x0000000707400000|100%| O|  |TAMS 0x0000000707400000| PB 0x0000000707200000| Untracked |  0
|  58|0x0000000707400000, 0x0000000707600000, 0x0000000707600000|100%| O|  |TAMS 0x0000000707600000| PB 0x0000000707400000| Untracked |  0
|  59|0x0000000707600000, 0x0000000707800000, 0x0000000707800000|100%| O|  |TAMS 0x0000000707800000| PB 0x0000000707600000| Untracked |  0
|  60|0x0000000707800000, 0x0000000707a00000, 0x0000000707a00000|100%| O|  |TAMS 0x0000000707a00000| PB 0x0000000707800000| Untracked |  0
|  61|0x0000000707a00000, 0x0000000707c00000, 0x0000000707c00000|100%| O|  |TAMS 0x0000000707c00000| PB 0x0000000707a00000| Untracked |  0
|  62|0x0000000707c00000, 0x0000000707d00000, 0x0000000707e00000| 50%| O|  |TAMS 0x0000000707d00000| PB 0x0000000707c00000| Untracked |  0
|  63|0x0000000707e00000, 0x0000000708000000, 0x0000000708000000|100%| O|  |TAMS 0x0000000708000000| PB 0x0000000707e00000| Untracked |  0
|  64|0x0000000708000000, 0x0000000708200000, 0x0000000708200000|100%| O|  |TAMS 0x0000000708200000| PB 0x0000000708000000| Untracked |  0
|  65|0x0000000708200000, 0x0000000708400000, 0x0000000708400000|100%| O|  |TAMS 0x0000000708400000| PB 0x0000000708200000| Untracked |  0
|  66|0x0000000708400000, 0x0000000708600000, 0x0000000708600000|100%| O|  |TAMS 0x0000000708600000| PB 0x0000000708400000| Untracked |  0
|  67|0x0000000708600000, 0x0000000708800000, 0x0000000708800000|100%| O|  |TAMS 0x0000000708800000| PB 0x0000000708600000| Untracked |  0
|  68|0x0000000708800000, 0x0000000708a00000, 0x0000000708a00000|100%| O|  |TAMS 0x0000000708a00000| PB 0x0000000708800000| Untracked |  0
|  69|0x0000000708a00000, 0x0000000708c00000, 0x0000000708c00000|100%| O|  |TAMS 0x0000000708c00000| PB 0x0000000708a00000| Untracked |  0
|  70|0x0000000708c00000, 0x0000000708e00000, 0x0000000708e00000|100%| O|  |TAMS 0x0000000708e00000| PB 0x0000000708c00000| Untracked |  0
|  71|0x0000000708e00000, 0x0000000709000000, 0x0000000709000000|100%| O|  |TAMS 0x0000000709000000| PB 0x0000000708e00000| Untracked |  0
|  72|0x0000000709000000, 0x0000000709200000, 0x0000000709200000|100%| O|  |TAMS 0x0000000709200000| PB 0x0000000709000000| Untracked |  0
|  73|0x0000000709200000, 0x0000000709400000, 0x0000000709400000|100%| O|  |TAMS 0x0000000709400000| PB 0x0000000709200000| Untracked |  0
|  74|0x0000000709400000, 0x0000000709600000, 0x0000000709600000|100%| O|  |TAMS 0x0000000709600000| PB 0x0000000709400000| Untracked |  0
|  75|0x0000000709600000, 0x0000000709800000, 0x0000000709800000|100%| O|  |TAMS 0x0000000709800000| PB 0x0000000709600000| Untracked |  0
|  76|0x0000000709800000, 0x0000000709a00000, 0x0000000709a00000|100%| O|  |TAMS 0x0000000709a00000| PB 0x0000000709800000| Untracked |  0
|  77|0x0000000709a00000, 0x0000000709c00000, 0x0000000709c00000|100%| O|  |TAMS 0x0000000709c00000| PB 0x0000000709a00000| Untracked |  0
|  78|0x0000000709c00000, 0x0000000709e00000, 0x0000000709e00000|100%| O|  |TAMS 0x0000000709e00000| PB 0x0000000709c00000| Untracked |  0
|  79|0x0000000709e00000, 0x000000070a000000, 0x000000070a000000|100%| O|  |TAMS 0x000000070a000000| PB 0x0000000709e00000| Untracked |  0
|  80|0x000000070a000000, 0x000000070a200000, 0x000000070a200000|100%| O|  |TAMS 0x000000070a200000| PB 0x000000070a000000| Untracked |  0
|  81|0x000000070a200000, 0x000000070a400000, 0x000000070a400000|100%| O|  |TAMS 0x000000070a400000| PB 0x000000070a200000| Untracked |  0
|  82|0x000000070a400000, 0x000000070a600000, 0x000000070a600000|100%| O|  |TAMS 0x000000070a600000| PB 0x000000070a400000| Untracked |  0
|  83|0x000000070a600000, 0x000000070a800000, 0x000000070a800000|100%| O|  |TAMS 0x000000070a800000| PB 0x000000070a600000| Untracked |  0
|  84|0x000000070a800000, 0x000000070aa00000, 0x000000070aa00000|100%| O|  |TAMS 0x000000070aa00000| PB 0x000000070a800000| Untracked |  0
|  85|0x000000070aa00000, 0x000000070ac00000, 0x000000070ac00000|100%| O|  |TAMS 0x000000070ac00000| PB 0x000000070aa00000| Untracked |  0
|  86|0x000000070ac00000, 0x000000070ae00000, 0x000000070ae00000|100%| O|  |TAMS 0x000000070ae00000| PB 0x000000070ac00000| Untracked |  0
|  87|0x000000070ae00000, 0x000000070b000000, 0x000000070b000000|100%| O|  |TAMS 0x000000070b000000| PB 0x000000070ae00000| Untracked |  0
|  88|0x000000070b000000, 0x000000070b200000, 0x000000070b200000|100%| O|  |TAMS 0x000000070b200000| PB 0x000000070b000000| Untracked |  0
|  89|0x000000070b200000, 0x000000070b400000, 0x000000070b400000|100%| O|  |TAMS 0x000000070b400000| PB 0x000000070b200000| Untracked |  0
|  90|0x000000070b400000, 0x000000070b600000, 0x000000070b600000|100%| O|  |TAMS 0x000000070b600000| PB 0x000000070b400000| Untracked |  0
|  91|0x000000070b600000, 0x000000070b800000, 0x000000070b800000|100%| O|  |TAMS 0x000000070b800000| PB 0x000000070b600000| Untracked |  0
|  92|0x000000070b800000, 0x000000070ba00000, 0x000000070ba00000|100%| O|  |TAMS 0x000000070ba00000| PB 0x000000070b800000| Untracked |  0
|  93|0x000000070ba00000, 0x000000070bc00000, 0x000000070bc00000|100%| O|  |TAMS 0x000000070bc00000| PB 0x000000070ba00000| Untracked |  0
|  94|0x000000070bc00000, 0x000000070be00000, 0x000000070be00000|100%| O|  |TAMS 0x000000070be00000| PB 0x000000070bc00000| Untracked |  0
|  95|0x000000070be00000, 0x000000070c000000, 0x000000070c000000|100%| O|  |TAMS 0x000000070c000000| PB 0x000000070be00000| Untracked |  0
|  96|0x000000070c000000, 0x000000070c200000, 0x000000070c200000|100%| O|  |TAMS 0x000000070c200000| PB 0x000000070c000000| Untracked |  0
|  97|0x000000070c200000, 0x000000070c400000, 0x000000070c400000|100%| O|  |TAMS 0x000000070c400000| PB 0x000000070c200000| Untracked |  0
|  98|0x000000070c400000, 0x000000070c600000, 0x000000070c600000|100%| O|  |TAMS 0x000000070c600000| PB 0x000000070c400000| Untracked |  0
|  99|0x000000070c600000, 0x000000070c800000, 0x000000070c800000|100%| O|  |TAMS 0x000000070c800000| PB 0x000000070c600000| Untracked |  0
| 100|0x000000070c800000, 0x000000070ca00000, 0x000000070ca00000|100%| O|  |TAMS 0x000000070ca00000| PB 0x000000070c800000| Untracked |  0
| 101|0x000000070ca00000, 0x000000070cc00000, 0x000000070cc00000|100%| O|  |TAMS 0x000000070cc00000| PB 0x000000070ca00000| Untracked |  0
| 102|0x000000070cc00000, 0x000000070ce00000, 0x000000070ce00000|100%| O|  |TAMS 0x000000070ce00000| PB 0x000000070cc00000| Untracked |  0
| 103|0x000000070ce00000, 0x000000070d000000, 0x000000070d000000|100%| O|  |TAMS 0x000000070d000000| PB 0x000000070ce00000| Untracked |  0
| 104|0x000000070d000000, 0x000000070d200000, 0x000000070d200000|100%| O|  |TAMS 0x000000070d200000| PB 0x000000070d000000| Untracked |  0
| 105|0x000000070d200000, 0x000000070d400000, 0x000000070d400000|100%| O|  |TAMS 0x000000070d400000| PB 0x000000070d200000| Untracked |  0
| 106|0x000000070d400000, 0x000000070d600000, 0x000000070d600000|100%| O|  |TAMS 0x000000070d600000| PB 0x000000070d400000| Untracked |  0
| 107|0x000000070d600000, 0x000000070d800000, 0x000000070d800000|100%| O|  |TAMS 0x000000070d800000| PB 0x000000070d600000| Untracked |  0
| 108|0x000000070d800000, 0x000000070da00000, 0x000000070da00000|100%| O|  |TAMS 0x000000070da00000| PB 0x000000070d800000| Untracked |  0
| 109|0x000000070da00000, 0x000000070dc00000, 0x000000070dc00000|100%| O|  |TAMS 0x000000070dc00000| PB 0x000000070da00000| Untracked |  0
| 110|0x000000070dc00000, 0x000000070de00000, 0x000000070de00000|100%| O|  |TAMS 0x000000070de00000| PB 0x000000070dc00000| Untracked |  0
| 111|0x000000070de00000, 0x000000070e000000, 0x000000070e000000|100%| O|  |TAMS 0x000000070e000000| PB 0x000000070de00000| Untracked |  0
| 112|0x000000070e000000, 0x000000070e200000, 0x000000070e200000|100%| O|  |TAMS 0x000000070e200000| PB 0x000000070e000000| Untracked |  0
| 113|0x000000070e200000, 0x000000070e400000, 0x000000070e400000|100%| O|  |TAMS 0x000000070e400000| PB 0x000000070e200000| Untracked |  0
| 114|0x000000070e400000, 0x000000070e600000, 0x000000070e600000|100%| O|  |TAMS 0x000000070e600000| PB 0x000000070e400000| Untracked |  0
| 115|0x000000070e600000, 0x000000070e800000, 0x000000070e800000|100%| O|  |TAMS 0x000000070e800000| PB 0x000000070e600000| Untracked |  0
| 116|0x000000070e800000, 0x000000070ea00000, 0x000000070ea00000|100%| O|  |TAMS 0x000000070ea00000| PB 0x000000070e800000| Untracked |  0
| 117|0x000000070ea00000, 0x000000070ec00000, 0x000000070ec00000|100%| O|  |TAMS 0x000000070ec00000| PB 0x000000070ea00000| Untracked |  0
| 118|0x000000070ec00000, 0x000000070ee00000, 0x000000070ee00000|100%| O|  |TAMS 0x000000070ed00000| PB 0x000000070ec00000| Untracked |  0
| 119|0x000000070ee00000, 0x000000070f000000, 0x000000070f000000|100%| O|  |TAMS 0x000000070ee00000| PB 0x000000070ee00000| Untracked |  0
| 120|0x000000070f000000, 0x000000070f200000, 0x000000070f200000|100%| O|  |TAMS 0x000000070f000000| PB 0x000000070f000000| Untracked |  0
| 121|0x000000070f200000, 0x000000070f400000, 0x000000070f400000|100%| O|  |TAMS 0x000000070f200000| PB 0x000000070f200000| Untracked |  0
| 122|0x000000070f400000, 0x000000070f600000, 0x000000070f600000|100%| O|  |TAMS 0x000000070f400000| PB 0x000000070f400000| Untracked |  0
| 123|0x000000070f600000, 0x000000070f800000, 0x000000070f800000|100%| O|  |TAMS 0x000000070f600000| PB 0x000000070f600000| Untracked |  0
| 124|0x000000070f800000, 0x000000070fa00000, 0x000000070fa00000|100%| O|  |TAMS 0x000000070f800000| PB 0x000000070f800000| Untracked |  0
| 125|0x000000070fa00000, 0x000000070fc00000, 0x000000070fc00000|100%| O|  |TAMS 0x000000070fa00000| PB 0x000000070fa00000| Untracked |  0
| 126|0x000000070fc00000, 0x000000070fe00000, 0x000000070fe00000|100%| O|  |TAMS 0x000000070fc00000| PB 0x000000070fc00000| Untracked |  0
| 127|0x000000070fe00000, 0x0000000710000000, 0x0000000710000000|100%| O|  |TAMS 0x000000070fe00000| PB 0x000000070fe00000| Untracked |  0
| 128|0x0000000710000000, 0x0000000710200000, 0x0000000710200000|100%| O|  |TAMS 0x0000000710000000| PB 0x0000000710000000| Untracked |  0
| 129|0x0000000710200000, 0x0000000710400000, 0x0000000710400000|100%| O|  |TAMS 0x0000000710200000| PB 0x0000000710200000| Untracked |  0
| 130|0x0000000710400000, 0x0000000710600000, 0x0000000710600000|100%| O|  |TAMS 0x0000000710400000| PB 0x0000000710400000| Untracked |  0
| 131|0x0000000710600000, 0x0000000710800000, 0x0000000710800000|100%| O|  |TAMS 0x0000000710600000| PB 0x0000000710600000| Untracked |  0
| 132|0x0000000710800000, 0x0000000710a00000, 0x0000000710a00000|100%| O|  |TAMS 0x0000000710800000| PB 0x0000000710800000| Untracked |  0
| 133|0x0000000710a00000, 0x0000000710c00000, 0x0000000710c00000|100%| O|  |TAMS 0x0000000710a00000| PB 0x0000000710a00000| Untracked |  0
| 134|0x0000000710c00000, 0x0000000710e00000, 0x0000000710e00000|100%| O|  |TAMS 0x0000000710c00000| PB 0x0000000710c00000| Untracked |  0
| 135|0x0000000710e00000, 0x0000000711000000, 0x0000000711000000|100%| O|  |TAMS 0x0000000710e00000| PB 0x0000000710e00000| Untracked |  0
| 136|0x0000000711000000, 0x0000000711200000, 0x0000000711200000|100%| O|  |TAMS 0x0000000711000000| PB 0x0000000711000000| Untracked |  0
| 137|0x0000000711200000, 0x0000000711400000, 0x0000000711400000|100%| O|  |TAMS 0x0000000711200000| PB 0x0000000711200000| Untracked |  0
| 138|0x0000000711400000, 0x0000000711600000, 0x0000000711600000|100%| O|  |TAMS 0x0000000711400000| PB 0x0000000711400000| Untracked |  0
| 139|0x0000000711600000, 0x0000000711800000, 0x0000000711800000|100%| O|  |TAMS 0x0000000711600000| PB 0x0000000711600000| Untracked |  0
| 140|0x0000000711800000, 0x0000000711a00000, 0x0000000711a00000|100%| O|  |TAMS 0x0000000711800000| PB 0x0000000711800000| Untracked |  0
| 141|0x0000000711a00000, 0x0000000711c00000, 0x0000000711c00000|100%| O|  |TAMS 0x0000000711a00000| PB 0x0000000711a00000| Untracked |  0
| 142|0x0000000711c00000, 0x0000000711e00000, 0x0000000711e00000|100%| O|  |TAMS 0x0000000711c00000| PB 0x0000000711c00000| Untracked |  0
| 143|0x0000000711e00000, 0x0000000712000000, 0x0000000712000000|100%| O|  |TAMS 0x0000000711e00000| PB 0x0000000711e00000| Untracked |  0
| 144|0x0000000712000000, 0x0000000712200000, 0x0000000712200000|100%| O|  |TAMS 0x0000000712000000| PB 0x0000000712000000| Untracked |  0
| 145|0x0000000712200000, 0x0000000712400000, 0x0000000712400000|100%| O|  |TAMS 0x0000000712200000| PB 0x0000000712200000| Untracked |  0
| 146|0x0000000712400000, 0x0000000712600000, 0x0000000712600000|100%| O|  |TAMS 0x0000000712400000| PB 0x0000000712400000| Untracked |  0
| 147|0x0000000712600000, 0x0000000712800000, 0x0000000712800000|100%| O|  |TAMS 0x0000000712600000| PB 0x0000000712600000| Untracked |  0
| 148|0x0000000712800000, 0x0000000712a00000, 0x0000000712a00000|100%| O|  |TAMS 0x0000000712800000| PB 0x0000000712800000| Untracked |  0
| 149|0x0000000712a00000, 0x0000000712c00000, 0x0000000712c00000|100%| O|  |TAMS 0x0000000712a00000| PB 0x0000000712a00000| Untracked |  0
| 150|0x0000000712c00000, 0x0000000712e00000, 0x0000000712e00000|100%| O|  |TAMS 0x0000000712c00000| PB 0x0000000712c00000| Untracked |  0
| 151|0x0000000712e00000, 0x0000000713000000, 0x0000000713000000|100%| O|  |TAMS 0x0000000712e00000| PB 0x0000000712e00000| Untracked |  0
| 152|0x0000000713000000, 0x0000000713200000, 0x0000000713200000|100%| O|  |TAMS 0x0000000713000000| PB 0x0000000713000000| Untracked |  0
| 153|0x0000000713200000, 0x0000000713400000, 0x0000000713400000|100%| O|  |TAMS 0x0000000713200000| PB 0x0000000713200000| Untracked |  0
| 154|0x0000000713400000, 0x0000000713600000, 0x0000000713600000|100%| O|  |TAMS 0x0000000713400000| PB 0x0000000713400000| Untracked |  0
| 155|0x0000000713600000, 0x0000000713800000, 0x0000000713800000|100%| O|  |TAMS 0x0000000713600000| PB 0x0000000713600000| Untracked |  0
| 156|0x0000000713800000, 0x0000000713a00000, 0x0000000713a00000|100%| O|  |TAMS 0x0000000713800000| PB 0x0000000713800000| Untracked |  0
| 157|0x0000000713a00000, 0x0000000713b00000, 0x0000000713c00000| 50%| O|  |TAMS 0x0000000713a00000| PB 0x0000000713a00000| Untracked |  0
| 158|0x0000000713c00000, 0x0000000713c00000, 0x0000000713e00000|  0%| F|  |TAMS 0x0000000713c00000| PB 0x0000000713c00000| Untracked |  0
| 159|0x0000000713e00000, 0x0000000713e00000, 0x0000000714000000|  0%| F|  |TAMS 0x0000000713e00000| PB 0x0000000713e00000| Untracked |  0
| 160|0x0000000714000000, 0x0000000714000000, 0x0000000714200000|  0%| F|  |TAMS 0x0000000714000000| PB 0x0000000714000000| Untracked |  0
| 161|0x0000000714200000, 0x0000000714200000, 0x0000000714400000|  0%| F|  |TAMS 0x0000000714200000| PB 0x0000000714200000| Untracked |  0
| 162|0x0000000714400000, 0x0000000714400000, 0x0000000714600000|  0%| F|  |TAMS 0x0000000714400000| PB 0x0000000714400000| Untracked |  0
| 163|0x0000000714600000, 0x0000000714600000, 0x0000000714800000|  0%| F|  |TAMS 0x0000000714600000| PB 0x0000000714600000| Untracked |  0
| 164|0x0000000714800000, 0x0000000714800000, 0x0000000714a00000|  0%| F|  |TAMS 0x0000000714800000| PB 0x0000000714800000| Untracked |  0
| 165|0x0000000714a00000, 0x0000000714a00000, 0x0000000714c00000|  0%| F|  |TAMS 0x0000000714a00000| PB 0x0000000714a00000| Untracked |  0
| 166|0x0000000714c00000, 0x0000000714c00000, 0x0000000714e00000|  0%| F|  |TAMS 0x0000000714c00000| PB 0x0000000714c00000| Untracked |  0
| 167|0x0000000714e00000, 0x0000000714e00000, 0x0000000715000000|  0%| F|  |TAMS 0x0000000714e00000| PB 0x0000000714e00000| Untracked |  0
| 168|0x0000000715000000, 0x0000000715000000, 0x0000000715200000|  0%| F|  |TAMS 0x0000000715000000| PB 0x0000000715000000| Untracked |  0
| 169|0x0000000715200000, 0x0000000715200000, 0x0000000715400000|  0%| F|  |TAMS 0x0000000715200000| PB 0x0000000715200000| Untracked |  0
| 170|0x0000000715400000, 0x0000000715400000, 0x0000000715600000|  0%| F|  |TAMS 0x0000000715400000| PB 0x0000000715400000| Untracked |  0
| 171|0x0000000715600000, 0x0000000715600000, 0x0000000715800000|  0%| F|  |TAMS 0x0000000715600000| PB 0x0000000715600000| Untracked |  0
| 172|0x0000000715800000, 0x0000000715800000, 0x0000000715a00000|  0%| F|  |TAMS 0x0000000715800000| PB 0x0000000715800000| Untracked |  0
| 173|0x0000000715a00000, 0x0000000715a00000, 0x0000000715c00000|  0%| F|  |TAMS 0x0000000715a00000| PB 0x0000000715a00000| Untracked |  0
| 174|0x0000000715c00000, 0x0000000715c00000, 0x0000000715e00000|  0%| F|  |TAMS 0x0000000715c00000| PB 0x0000000715c00000| Untracked |  0
| 175|0x0000000715e00000, 0x0000000715e00000, 0x0000000716000000|  0%| F|  |TAMS 0x0000000715e00000| PB 0x0000000715e00000| Untracked |  0
| 176|0x0000000716000000, 0x0000000716000000, 0x0000000716200000|  0%| F|  |TAMS 0x0000000716000000| PB 0x0000000716000000| Untracked |  0
| 177|0x0000000716200000, 0x0000000716200000, 0x0000000716400000|  0%| F|  |TAMS 0x0000000716200000| PB 0x0000000716200000| Untracked |  0
| 178|0x0000000716400000, 0x0000000716400000, 0x0000000716600000|  0%| F|  |TAMS 0x0000000716400000| PB 0x0000000716400000| Untracked |  0
| 179|0x0000000716600000, 0x0000000716600000, 0x0000000716800000|  0%| F|  |TAMS 0x0000000716600000| PB 0x0000000716600000| Untracked |  0
| 180|0x0000000716800000, 0x0000000716800000, 0x0000000716a00000|  0%| F|  |TAMS 0x0000000716800000| PB 0x0000000716800000| Untracked |  0
| 181|0x0000000716a00000, 0x0000000716a00000, 0x0000000716c00000|  0%| F|  |TAMS 0x0000000716a00000| PB 0x0000000716a00000| Untracked |  0
| 182|0x0000000716c00000, 0x0000000716c00000, 0x0000000716e00000|  0%| F|  |TAMS 0x0000000716c00000| PB 0x0000000716c00000| Untracked |  0
| 183|0x0000000716e00000, 0x0000000716e00000, 0x0000000717000000|  0%| F|  |TAMS 0x0000000716e00000| PB 0x0000000716e00000| Untracked |  0
| 184|0x0000000717000000, 0x0000000717000000, 0x0000000717200000|  0%| F|  |TAMS 0x0000000717000000| PB 0x0000000717000000| Untracked |  0
| 185|0x0000000717200000, 0x0000000717200000, 0x0000000717400000|  0%| F|  |TAMS 0x0000000717200000| PB 0x0000000717200000| Untracked |  0
| 186|0x0000000717400000, 0x0000000717400000, 0x0000000717600000|  0%| F|  |TAMS 0x0000000717400000| PB 0x0000000717400000| Untracked |  0
| 187|0x0000000717600000, 0x0000000717600000, 0x0000000717800000|  0%| F|  |TAMS 0x0000000717600000| PB 0x0000000717600000| Untracked |  0
| 188|0x0000000717800000, 0x0000000717800000, 0x0000000717a00000|  0%| F|  |TAMS 0x0000000717800000| PB 0x0000000717800000| Untracked |  0
| 189|0x0000000717a00000, 0x0000000717a00000, 0x0000000717c00000|  0%| F|  |TAMS 0x0000000717a00000| PB 0x0000000717a00000| Untracked |  0
| 190|0x0000000717c00000, 0x0000000717e00000, 0x0000000717e00000|100%| S|CS|TAMS 0x0000000717c00000| PB 0x0000000717c00000| Complete |  0
| 191|0x0000000717e00000, 0x0000000717e00000, 0x0000000718000000|  0%| F|  |TAMS 0x0000000717e00000| PB 0x0000000717e00000| Untracked |  0
| 192|0x0000000718000000, 0x0000000718200000, 0x0000000718200000|100%| S|CS|TAMS 0x0000000718000000| PB 0x0000000718000000| Complete |  0
| 193|0x0000000718200000, 0x0000000718400000, 0x0000000718400000|100%| S|CS|TAMS 0x0000000718200000| PB 0x0000000718200000| Complete |  0
| 194|0x0000000718400000, 0x0000000718600000, 0x0000000718600000|100%| S|CS|TAMS 0x0000000718400000| PB 0x0000000718400000| Complete |  0
| 195|0x0000000718600000, 0x0000000718600000, 0x0000000718800000|  0%| F|  |TAMS 0x0000000718600000| PB 0x0000000718600000| Untracked |  0
| 196|0x0000000718800000, 0x0000000718800000, 0x0000000718a00000|  0%| F|  |TAMS 0x0000000718800000| PB 0x0000000718800000| Untracked |  0
| 197|0x0000000718a00000, 0x0000000718c00000, 0x0000000718c00000|100%| S|CS|TAMS 0x0000000718a00000| PB 0x0000000718a00000| Complete |  0
| 198|0x0000000718c00000, 0x0000000718e00000, 0x0000000718e00000|100%| S|CS|TAMS 0x0000000718c00000| PB 0x0000000718c00000| Complete |  0
| 199|0x0000000718e00000, 0x0000000719000000, 0x0000000719000000|100%| S|CS|TAMS 0x0000000718e00000| PB 0x0000000718e00000| Complete |  0
| 200|0x0000000719000000, 0x0000000719000000, 0x0000000719200000|  0%| F|  |TAMS 0x0000000719000000| PB 0x0000000719000000| Untracked |  0
| 201|0x0000000719200000, 0x0000000719200000, 0x0000000719400000|  0%| F|  |TAMS 0x0000000719200000| PB 0x0000000719200000| Untracked |  0
| 202|0x0000000719400000, 0x0000000719400000, 0x0000000719600000|  0%| F|  |TAMS 0x0000000719400000| PB 0x0000000719400000| Untracked |  0
| 203|0x0000000719600000, 0x0000000719600000, 0x0000000719800000|  0%| F|  |TAMS 0x0000000719600000| PB 0x0000000719600000| Untracked |  0
| 204|0x0000000719800000, 0x0000000719800000, 0x0000000719a00000|  0%| F|  |TAMS 0x0000000719800000| PB 0x0000000719800000| Untracked |  0
| 205|0x0000000719a00000, 0x0000000719a00000, 0x0000000719c00000|  0%| F|  |TAMS 0x0000000719a00000| PB 0x0000000719a00000| Untracked |  0
| 206|0x0000000719c00000, 0x0000000719c00000, 0x0000000719e00000|  0%| F|  |TAMS 0x0000000719c00000| PB 0x0000000719c00000| Untracked |  0
| 207|0x0000000719e00000, 0x0000000719e00000, 0x000000071a000000|  0%| F|  |TAMS 0x0000000719e00000| PB 0x0000000719e00000| Untracked |  0
| 208|0x000000071a000000, 0x000000071a000000, 0x000000071a200000|  0%| F|  |TAMS 0x000000071a000000| PB 0x000000071a000000| Untracked |  0
| 209|0x000000071a200000, 0x000000071a200000, 0x000000071a400000|  0%| F|  |TAMS 0x000000071a200000| PB 0x000000071a200000| Untracked |  0
| 210|0x000000071a400000, 0x000000071a400000, 0x000000071a600000|  0%| F|  |TAMS 0x000000071a400000| PB 0x000000071a400000| Untracked |  0
| 211|0x000000071a600000, 0x000000071a600000, 0x000000071a800000|  0%| F|  |TAMS 0x000000071a600000| PB 0x000000071a600000| Untracked |  0
| 212|0x000000071a800000, 0x000000071a800000, 0x000000071aa00000|  0%| F|  |TAMS 0x000000071a800000| PB 0x000000071a800000| Untracked |  0
| 213|0x000000071aa00000, 0x000000071aa00000, 0x000000071ac00000|  0%| F|  |TAMS 0x000000071aa00000| PB 0x000000071aa00000| Untracked |  0
| 214|0x000000071ac00000, 0x000000071ac00000, 0x000000071ae00000|  0%| F|  |TAMS 0x000000071ac00000| PB 0x000000071ac00000| Untracked |  0
| 215|0x000000071ae00000, 0x000000071ae00000, 0x000000071b000000|  0%| F|  |TAMS 0x000000071ae00000| PB 0x000000071ae00000| Untracked |  0
| 216|0x000000071b000000, 0x000000071b000000, 0x000000071b200000|  0%| F|  |TAMS 0x000000071b000000| PB 0x000000071b000000| Untracked |  0
| 217|0x000000071b200000, 0x000000071b200000, 0x000000071b400000|  0%| F|  |TAMS 0x000000071b200000| PB 0x000000071b200000| Untracked |  0
| 218|0x000000071b400000, 0x000000071b400000, 0x000000071b600000|  0%| F|  |TAMS 0x000000071b400000| PB 0x000000071b400000| Untracked |  0
| 219|0x000000071b600000, 0x000000071b600000, 0x000000071b800000|  0%| F|  |TAMS 0x000000071b600000| PB 0x000000071b600000| Untracked |  0
| 220|0x000000071b800000, 0x000000071b800000, 0x000000071ba00000|  0%| F|  |TAMS 0x000000071b800000| PB 0x000000071b800000| Untracked |  0
| 221|0x000000071ba00000, 0x000000071ba00000, 0x000000071bc00000|  0%| F|  |TAMS 0x000000071ba00000| PB 0x000000071ba00000| Untracked |  0
| 222|0x000000071bc00000, 0x000000071bc00000, 0x000000071be00000|  0%| F|  |TAMS 0x000000071bc00000| PB 0x000000071bc00000| Untracked |  0
| 223|0x000000071be00000, 0x000000071be00000, 0x000000071c000000|  0%| F|  |TAMS 0x000000071be00000| PB 0x000000071be00000| Untracked |  0
| 224|0x000000071c000000, 0x000000071c000000, 0x000000071c200000|  0%| F|  |TAMS 0x000000071c000000| PB 0x000000071c000000| Untracked |  0
| 225|0x000000071c200000, 0x000000071c200000, 0x000000071c400000|  0%| F|  |TAMS 0x000000071c200000| PB 0x000000071c200000| Untracked |  0
| 226|0x000000071c400000, 0x000000071c400000, 0x000000071c600000|  0%| F|  |TAMS 0x000000071c400000| PB 0x000000071c400000| Untracked |  0
| 227|0x000000071c600000, 0x000000071c600000, 0x000000071c800000|  0%| F|  |TAMS 0x000000071c600000| PB 0x000000071c600000| Untracked |  0
| 228|0x000000071c800000, 0x000000071c800000, 0x000000071ca00000|  0%| F|  |TAMS 0x000000071c800000| PB 0x000000071c800000| Untracked |  0
| 229|0x000000071ca00000, 0x000000071ca00000, 0x000000071cc00000|  0%| F|  |TAMS 0x000000071ca00000| PB 0x000000071ca00000| Untracked |  0
| 230|0x000000071cc00000, 0x000000071cc00000, 0x000000071ce00000|  0%| F|  |TAMS 0x000000071cc00000| PB 0x000000071cc00000| Untracked |  0
| 231|0x000000071ce00000, 0x000000071ce00000, 0x000000071d000000|  0%| F|  |TAMS 0x000000071ce00000| PB 0x000000071ce00000| Untracked |  0
| 232|0x000000071d000000, 0x000000071d000000, 0x000000071d200000|  0%| F|  |TAMS 0x000000071d000000| PB 0x000000071d000000| Untracked |  0
| 233|0x000000071d200000, 0x000000071d200000, 0x000000071d400000|  0%| F|  |TAMS 0x000000071d200000| PB 0x000000071d200000| Untracked |  0
| 234|0x000000071d400000, 0x000000071d400000, 0x000000071d600000|  0%| F|  |TAMS 0x000000071d400000| PB 0x000000071d400000| Untracked |  0
| 235|0x000000071d600000, 0x000000071d600000, 0x000000071d800000|  0%| F|  |TAMS 0x000000071d600000| PB 0x000000071d600000| Untracked |  0
| 236|0x000000071d800000, 0x000000071d800000, 0x000000071da00000|  0%| F|  |TAMS 0x000000071d800000| PB 0x000000071d800000| Untracked |  0
| 237|0x000000071da00000, 0x000000071da00000, 0x000000071dc00000|  0%| F|  |TAMS 0x000000071da00000| PB 0x000000071da00000| Untracked |  0
| 238|0x000000071dc00000, 0x000000071dc00000, 0x000000071de00000|  0%| F|  |TAMS 0x000000071dc00000| PB 0x000000071dc00000| Untracked |  0
| 239|0x000000071de00000, 0x000000071de00000, 0x000000071e000000|  0%| F|  |TAMS 0x000000071de00000| PB 0x000000071de00000| Untracked |  0
| 240|0x000000071e000000, 0x000000071e000000, 0x000000071e200000|  0%| F|  |TAMS 0x000000071e000000| PB 0x000000071e000000| Untracked |  0
| 241|0x000000071e200000, 0x000000071e200000, 0x000000071e400000|  0%| F|  |TAMS 0x000000071e200000| PB 0x000000071e200000| Untracked |  0
| 242|0x000000071e400000, 0x000000071e400000, 0x000000071e600000|  0%| F|  |TAMS 0x000000071e400000| PB 0x000000071e400000| Untracked |  0
| 243|0x000000071e600000, 0x000000071e600000, 0x000000071e800000|  0%| F|  |TAMS 0x000000071e600000| PB 0x000000071e600000| Untracked |  0
| 244|0x000000071e800000, 0x000000071e800000, 0x000000071ea00000|  0%| F|  |TAMS 0x000000071e800000| PB 0x000000071e800000| Untracked |  0
| 245|0x000000071ea00000, 0x000000071ea00000, 0x000000071ec00000|  0%| F|  |TAMS 0x000000071ea00000| PB 0x000000071ea00000| Untracked |  0
| 246|0x000000071ec00000, 0x000000071ec00000, 0x000000071ee00000|  0%| F|  |TAMS 0x000000071ec00000| PB 0x000000071ec00000| Untracked |  0
| 247|0x000000071ee00000, 0x000000071ee00000, 0x000000071f000000|  0%| F|  |TAMS 0x000000071ee00000| PB 0x000000071ee00000| Untracked |  0
| 248|0x000000071f000000, 0x000000071f000000, 0x000000071f200000|  0%| F|  |TAMS 0x000000071f000000| PB 0x000000071f000000| Untracked |  0
| 249|0x000000071f200000, 0x000000071f200000, 0x000000071f400000|  0%| F|  |TAMS 0x000000071f200000| PB 0x000000071f200000| Untracked |  0
| 250|0x000000071f400000, 0x000000071f400000, 0x000000071f600000|  0%| F|  |TAMS 0x000000071f400000| PB 0x000000071f400000| Untracked |  0
| 251|0x000000071f600000, 0x000000071f600000, 0x000000071f800000|  0%| F|  |TAMS 0x000000071f600000| PB 0x000000071f600000| Untracked |  0
| 252|0x000000071f800000, 0x000000071f800000, 0x000000071fa00000|  0%| F|  |TAMS 0x000000071f800000| PB 0x000000071f800000| Untracked |  0
| 253|0x000000071fa00000, 0x000000071fa00000, 0x000000071fc00000|  0%| F|  |TAMS 0x000000071fa00000| PB 0x000000071fa00000| Untracked |  0
|2034|0x00000007fe400000, 0x00000007fe400000, 0x00000007fe600000|  0%| F|  |TAMS 0x00000007fe400000| PB 0x00000007fe400000| Untracked |  0
|2035|0x00000007fe600000, 0x00000007fe800000, 0x00000007fe800000|100%| O|  |TAMS 0x00000007fe800000| PB 0x00000007fe600000| Untracked |  0
|2036|0x00000007fe800000, 0x00000007fea00000, 0x00000007fea00000|100%| O|  |TAMS 0x00000007fea00000| PB 0x00000007fe800000| Untracked |  0
|2037|0x00000007fea00000, 0x00000007fec00000, 0x00000007fec00000|100%| O|  |TAMS 0x00000007fec00000| PB 0x00000007fea00000| Untracked |  0
|2038|0x00000007fec00000, 0x00000007fee00000, 0x00000007fee00000|100%| O|  |TAMS 0x00000007fee00000| PB 0x00000007fec00000| Untracked |  0
|2039|0x00000007fee00000, 0x00000007ff000000, 0x00000007ff000000|100%| O|  |TAMS 0x00000007ff000000| PB 0x00000007fee00000| Untracked |  0
|2040|0x00000007ff000000, 0x00000007ff200000, 0x00000007ff200000|100%| O|  |TAMS 0x00000007ff200000| PB 0x00000007ff000000| Untracked |  0
|2041|0x00000007ff200000, 0x00000007ff400000, 0x00000007ff400000|100%| O|  |TAMS 0x00000007ff400000| PB 0x00000007ff200000| Untracked |  0
|2042|0x00000007ff400000, 0x00000007ff600000, 0x00000007ff600000|100%| O|  |TAMS 0x00000007ff600000| PB 0x00000007ff400000| Untracked |  0
|2043|0x00000007ff600000, 0x00000007ff800000, 0x00000007ff800000|100%| O|  |TAMS 0x00000007ff800000| PB 0x00000007ff600000| Untracked |  0
|2044|0x00000007ff800000, 0x00000007ffa00000, 0x00000007ffa00000|100%| O|  |TAMS 0x00000007ffa00000| PB 0x00000007ff800000| Untracked |  0
|2045|0x00000007ffa00000, 0x00000007ffc00000, 0x00000007ffc00000|100%| O|  |TAMS 0x00000007ffc00000| PB 0x00000007ffa00000| Untracked |  0
|2046|0x00000007ffc00000, 0x00000007ffe00000, 0x00000007ffe00000|100%| O|  |TAMS 0x00000007ffe00000| PB 0x00000007ffc00000| Untracked |  0
|2047|0x00000007ffe00000, 0x00000007ffe00000, 0x0000000800000000|  0%| F|  |TAMS 0x00000007ffe00000| PB 0x00000007ffe00000| Untracked |  0

Card table byte_map: [0x00007f766cb39000,0x00007f766d339000] _byte_map_base: 0x00007f7669339000

Marking Bits: (CMBitMap*) 0x00007f766805bbc0
 Bits: [0x00007f764c4c0000, 0x00007f76504c0000)

Polling page: 0x00007f766fb8b000

Metaspace:
Metaspace        used 4492K, committed 4736K, reserved 1114112K
 class space     used 461K, committed 576K, reserved 1048576K

Usage:
  Non-class:      3.94 MB used.
      Class:    461.30 KB used.
       Both:      4.39 MB used.

Virtual space:
  Non-class space:       64.00 MB reserved,       4.06 MB (  6%) committed,  1 nodes.
      Class space:        1.00 GB reserved,     576.00 KB ( <1%) committed,  1 nodes.
             Both:        1.06 GB reserved,       4.62 MB ( <1%) committed. 

Chunk freelists:
   Non-Class:  9.78 MB
       Class:  15.42 MB
        Both:  25.20 MB

MaxMetaspaceSize: unlimited
CompressedClassSpaceSize: 1.00 GB
Initial GC threshold: 21.00 MB
Current GC threshold: 21.00 MB
CDS: on
 - commit_granule_bytes: 65536.
 - commit_granule_words: 8192.
 - virtual_space_node_default_size: 8388608.
 - enlarge_chunks_in_place: 1.
UseCompressedClassPointers 1, UseCompactObjectHeaders 0
Narrow klass pointer bits 32, Max shift 3
Narrow klass base: 0x0000000066000000, Narrow klass shift: 0
Encoding Range: [0x0000000066000000 - 0x0000000166000000), (4294967296 bytes)
Klass Range:    [0x0000000066001000 - 0x00000000a7000000), (1090514944 bytes)
Klass ID Range:  [4096 - 1090519033) (1090514937)
Protection zone: [0x0000000066000000 - 0x0000000066001000), (4096 bytes)


Internal statistics:

num_allocs_failed_limit: 0.
num_arena_births: 60.
num_arena_deaths: 0.
num_vsnodes_births: 2.
num_vsnodes_deaths: 0.
num_space_committed: 74.
num_space_uncommitted: 0.
num_chunks_returned_to_freelist: 0.
num_chunks_taken_from_freelist: 204.
num_chunk_merges: 0.
num_chunk_splits: 130.
num_chunks_enlarged: 93.
num_inconsistent_stats: 0.

CodeHeap 'non-profiled nmethods': size=120036Kb used=948Kb max_used=948Kb free=119087Kb
 bounds [0x00007f7657f88000, 0x00007f76581f8000, 0x00007f765f4c1000]
CodeHeap 'profiled nmethods': size=120036Kb used=2390Kb max_used=2390Kb free=117645Kb
 bounds [0x00007f76504c0000, 0x00007f7650740000, 0x00007f76579f9000]
CodeHeap 'non-nmethods': size=5692Kb used=1511Kb max_used=1588Kb free=4180Kb
 bounds [0x00007f76579f9000, 0x00007f7657c69000, 0x00007f7657f88000]
CodeCache: size=245764Kb, used=4849Kb, max_used=4926Kb, free=240912Kb
 total_blobs=2107, nmethods=1632, adapters=379, full_count=0
Compilation: enabled, stopped_count=0, restarted_count=0

Compilation events (20 events):
Event: 7.198 Thread 0x00007f76680c3230 1872       2       java.util.LinkedHashMap::newLinkedHashMap (43 bytes)
Event: 7.205 Thread 0x00007f76680c3230 nmethod 1872 0x00007f76504cdb88 code [0x00007f76504cdca0, 0x00007f76504ce100]
Event: 7.206 Thread 0x00007f76680c3230 1886       3       java.util.jar.Attributes$Name::hash (148 bytes)
Event: 7.206 Thread 0x00007f76680c3230 nmethod 1886 0x00007f765062af88 code [0x00007f765062b080, 0x00007f765062be80]
Event: 7.206 Thread 0x00007f76680c3230 1885       3       java.util.ImmutableCollections$MapN::get (35 bytes)
Event: 7.206 Thread 0x00007f76680c3230 nmethod 1885 0x00007f76504cd708 code [0x00007f76504cd800, 0x00007f76504cdb80]
Event: 7.206 Thread 0x00007f76680c3230 1887       3       java.lang.StrictMath::ceil (10 bytes)
Event: 7.206 Thread 0x00007f76680c3230 nmethod 1887 0x00007f76504cd408 code [0x00007f76504cd520, 0x00007f76504cd648]
Event: 7.206 Thread 0x00007f76680c3230 1870       2       java.util.jar.Attributes::<init> (13 bytes)
Event: 7.206 Thread 0x00007f76680c3230 nmethod 1870 0x00007f76505b8c08 code [0x00007f76505b8d00, 0x00007f76505b8e80]
Event: 7.206 Thread 0x00007f76680c3230 1873       2       java.util.jar.Manifest::parseName (84 bytes)
Event: 7.207 Thread 0x00007f76680c3230 nmethod 1873 0x00007f76505b8788 code [0x00007f76505b8880, 0x00007f76505b8bb8]
Event: 7.207 Thread 0x00007f76680c3230 1876       2       java.util.jar.Attributes::size (10 bytes)
Event: 7.207 Thread 0x00007f76680c3230 nmethod 1876 0x00007f76505b8208 code [0x00007f76505b8300, 0x00007f76505b8428]
Event: 7.217 Thread 0x00007f76680c3230 1888       3       java.util.LinkedHashMap::newLinkedHashMap (43 bytes)
Event: 7.218 Thread 0x00007f76680c3230 nmethod 1888 0x00007f765064b508 code [0x00007f765064b620, 0x00007f765064c0c0]
Event: 7.219 Thread 0x00007f76680c3230 1889       3       java.util.jar.Attributes::<init> (13 bytes)
Event: 7.219 Thread 0x00007f76680c3230 nmethod 1889 0x00007f76504e0b88 code [0x00007f76504e0c80, 0x00007f76504e0e78]
Event: 7.219 Thread 0x00007f76680c3230 1890       3       java.util.jar.Manifest::parseName (84 bytes)
Event: 7.219 Thread 0x00007f76680c3230 nmethod 1890 0x00007f76504e0388 code [0x00007f76504e0480, 0x00007f76504e0b68]

GC Heap Usage History (20 events):
Event: 2.327 {heap After GC invocations=10 (full 0):
 garbage-first heap   total reserved 4194304K, committed 219136K, used 50100K [0x0000000700000000, 0x0000000800000000)
  region size 2048K, 2 young (4096K), 2 survivors (4096K)
}
Event: 3.006 {heap Before GC invocations=11 (full 0):
 garbage-first heap   total reserved 4194304K, committed 172032K, used 144308K [0x0000000700000000, 0x0000000800000000)
  region size 2048K, 49 young (100352K), 2 survivors (4096K)
}
Event: 3.107 {heap After GC invocations=12 (full 0):
 garbage-first heap   total reserved 4194304K, committed 194560K, used 93108K [0x0000000700000000, 0x0000000800000000)
  region size 2048K, 7 young (14336K), 7 survivors (14336K)
}
Event: 3.308 {heap Before GC invocations=12 (full 0):
 garbage-first heap   total reserved 4194304K, committed 194560K, used 142260K [0x0000000700000000, 0x0000000800000000)
  region size 2048K, 31 young (63488K), 7 survivors (14336K)
}
Event: 3.402 {heap After GC invocations=13 (full 0):
 garbage-first heap   total reserved 4194304K, committed 194560K, used 115493K [0x0000000700000000, 0x0000000800000000)
  region size 2048K, 4 young (8192K), 4 survivors (8192K)
}
Event: 3.544 {heap Before GC invocations=13 (full 0):
 garbage-first heap   total reserved 4194304K, committed 194560K, used 154405K [0x0000000700000000, 0x0000000800000000)
  region size 2048K, 23 young (47104K), 4 survivors (8192K)
}
Event: 3.632 {heap After GC invocations=14 (full 0):
 garbage-first heap   total reserved 4194304K, committed 194560K, used 133925K [0x0000000700000000, 0x0000000800000000)
  region size 2048K, 3 young (6144K), 3 survivors (6144K)
}
Event: 3.817 {heap Before GC invocations=14 (full 0):
 garbage-first heap   total reserved 4194304K, committed 194560K, used 162597K [0x0000000700000000, 0x0000000800000000)
  region size 2048K, 17 young (34816K), 3 survivors (6144K)
}
Event: 3.837 {heap After GC invocations=15 (full 0):
 garbage-first heap   total reserved 4194304K, committed 194560K, used 147237K [0x0000000700000000, 0x0000000800000000)
  region size 2048K, 3 young (6144K), 3 survivors (6144K)
}
Event: 4.040 {heap Before GC invocations=15 (full 0):
 garbage-first heap   total reserved 4194304K, committed 194560K, used 169765K [0x0000000700000000, 0x0000000800000000)
  region size 2048K, 14 young (28672K), 3 survivors (6144K)
}
Event: 4.106 {heap After GC invocations=16 (full 0):
 garbage-first heap   total reserved 4194304K, committed 548864K, used 158501K [0x0000000700000000, 0x0000000800000000)
  region size 2048K, 2 young (4096K), 2 survivors (4096K)
}
Event: 4.724 {heap Before GC invocations=17 (full 0):
 garbage-first heap   total reserved 4194304K, committed 532480K, used 246565K [0x0000000700000000, 0x0000000800000000)
  region size 2048K, 46 young (94208K), 2 survivors (4096K)
}
Event: 4.896 {heap After GC invocations=18 (full 0):
 garbage-first heap   total reserved 4194304K, committed 532480K, used 200485K [0x0000000700000000, 0x0000000800000000)
  region size 2048K, 6 young (12288K), 6 survivors (12288K)
}
Event: 5.202 {heap Before GC invocations=18 (full 0):
 garbage-first heap   total reserved 4194304K, committed 532480K, used 282405K [0x0000000700000000, 0x0000000800000000)
  region size 2048K, 46 young (94208K), 6 survivors (12288K)
}
Event: 5.306 {heap After GC invocations=19 (full 0):
 garbage-first heap   total reserved 4194304K, committed 532480K, used 236325K [0x0000000700000000, 0x0000000800000000)
  region size 2048K, 6 young (12288K), 6 survivors (12288K)
}
Event: 5.627 {heap Before GC invocations=19 (full 0):
 garbage-first heap   total reserved 4194304K, committed 532480K, used 324389K [0x0000000700000000, 0x0000000800000000)
  region size 2048K, 49 young (100352K), 6 survivors (12288K)
}
Event: 5.734 {heap After GC invocations=20 (full 0):
 garbage-first heap   total reserved 4194304K, committed 532480K, used 278528K [0x0000000700000000, 0x0000000800000000)
  region size 2048K, 7 young (14336K), 7 survivors (14336K)
}
Event: 6.039 {heap Before GC invocations=20 (full 0):
 garbage-first heap   total reserved 4194304K, committed 532480K, used 366592K [0x0000000700000000, 0x0000000800000000)
  region size 2048K, 50 young (102400K), 7 survivors (14336K)
}
Event: 6.200 {heap After GC invocations=21 (full 0):
 garbage-first heap   total reserved 4194304K, committed 532480K, used 320512K [0x0000000700000000, 0x0000000800000000)
  region size 2048K, 7 young (14336K), 7 survivors (14336K)
}
Event: 7.219 {heap Before GC invocations=21 (full 0):
 garbage-first heap   total reserved 4194304K, committed 532480K, used 410624K [0x0000000700000000, 0x0000000800000000)
  region size 2048K, 51 young (104448K), 7 survivors (14336K)
}

Metaspace Usage History (20 events):
Event: 2.327 {metaspace After GC invocations=10 (full 0):
 Metaspace       used 4387K, committed 4608K, reserved 1114112K
  class space    used 452K, committed 576K, reserved 1048576K
}
Event: 3.006 {metaspace Before GC invocations=11 (full 0):
 Metaspace       used 4400K, committed 4608K, reserved 1114112K
  class space    used 452K, committed 576K, reserved 1048576K
}
Event: 3.107 {metaspace After GC invocations=12 (full 0):
 Metaspace       used 4400K, committed 4608K, reserved 1114112K
  class space    used 452K, committed 576K, reserved 1048576K
}
Event: 3.308 {metaspace Before GC invocations=12 (full 0):
 Metaspace       used 4400K, committed 4608K, reserved 1114112K
  class space    used 452K, committed 576K, reserved 1048576K
}
Event: 3.402 {metaspace After GC invocations=13 (full 0):
 Metaspace       used 4400K, committed 4608K, reserved 1114112K
  class space    used 452K, committed 576K, reserved 1048576K
}
Event: 3.544 {metaspace Before GC invocations=13 (full 0):
 Metaspace       used 4402K, committed 4608K, reserved 1114112K
  class space    used 452K, committed 576K, reserved 1048576K
}
Event: 3.632 {metaspace After GC invocations=14 (full 0):
 Metaspace       used 4402K, committed 4608K, reserved 1114112K
  class space    used 452K, committed 576K, reserved 1048576K
}
Event: 3.817 {metaspace Before GC invocations=14 (full 0):
 Metaspace       used 4402K, committed 4608K, reserved 1114112K
  class space    used 452K, committed 576K, reserved 1048576K
}
Event: 3.837 {metaspace After GC invocations=15 (full 0):
 Metaspace       used 4402K, committed 4608K, reserved 1114112K
  class space    used 452K, committed 576K, reserved 1048576K
}
Event: 4.040 {metaspace Before GC invocations=15 (full 0):
 Metaspace       used 4402K, committed 4608K, reserved 1114112K
  class space    used 452K, committed 576K, reserved 1048576K
}
Event: 4.106 {metaspace After GC invocations=16 (full 0):
 Metaspace       used 4402K, committed 4608K, reserved 1114112K
  class space    used 452K, committed 576K, reserved 1048576K
}
Event: 4.724 {metaspace Before GC invocations=17 (full 0):
 Metaspace       used 4403K, committed 4608K, reserved 1114112K
  class space    used 452K, committed 576K, reserved 1048576K
}
Event: 4.896 {metaspace After GC invocations=18 (full 0):
 Metaspace       used 4403K, committed 4608K, reserved 1114112K
  class space    used 452K, committed 576K, reserved 1048576K
}
Event: 5.202 {metaspace Before GC invocations=18 (full 0):
 Metaspace       used 4405K, committed 4608K, reserved 1114112K
  class space    used 452K, committed 576K, reserved 1048576K
}
Event: 5.306 {metaspace After GC invocations=19 (full 0):
 Metaspace       used 4405K, committed 4608K, reserved 1114112K
  class space    used 452K, committed 576K, reserved 1048576K
}
Event: 5.627 {metaspace Before GC invocations=19 (full 0):
 Metaspace       used 4405K, committed 4608K, reserved 1114112K
  class space    used 452K, committed 576K, reserved 1048576K
}
Event: 5.734 {metaspace After GC invocations=20 (full 0):
 Metaspace       used 4405K, committed 4608K, reserved 1114112K
  class space    used 452K, committed 576K, reserved 1048576K
}
Event: 6.039 {metaspace Before GC invocations=20 (full 0):
 Metaspace       used 4405K, committed 4608K, reserved 1114112K
  class space    used 452K, committed 576K, reserved 1048576K
}
Event: 6.200 {metaspace After GC invocations=21 (full 0):
 Metaspace       used 4405K, committed 4608K, reserved 1114112K
  class space    used 452K, committed 576K, reserved 1048576K
}
Event: 7.219 {metaspace Before GC invocations=21 (full 0):
 Metaspace       used 4492K, committed 4736K, reserved 1114112K
  class space    used 461K, committed 576K, reserved 1048576K
}

Dll operation events (14 events):
Event: 0.002 Attempting to load shared library /root/.gradle/jdks/eclipse_adoptium-25-amd64-linux.2/lib/libjava.so
Event: 0.002 Loaded shared library /root/.gradle/jdks/eclipse_adoptium-25-amd64-linux.2/lib/libjava.so
Event: 0.032 Attempting to load shared library /root/.gradle/jdks/eclipse_adoptium-25-amd64-linux.2/lib/libsimdsort.so
Event: 0.032 Loaded shared library /root/.gradle/jdks/eclipse_adoptium-25-amd64-linux.2/lib/libsimdsort.so
Event: 0.044 Attempting to load shared library /root/.gradle/jdks/eclipse_adoptium-25-amd64-linux.2/lib/libnio.so
Event: 0.046 Loaded shared library /root/.gradle/jdks/eclipse_adoptium-25-amd64-linux.2/lib/libnio.so
Event: 0.049 Attempting to load shared library /root/.gradle/jdks/eclipse_adoptium-25-amd64-linux.2/lib/libzip.so
Event: 0.050 Loaded shared library /root/.gradle/jdks/eclipse_adoptium-25-amd64-linux.2/lib/libzip.so
Event: 0.113 Attempting to load shared library /root/.gradle/jdks/eclipse_adoptium-25-amd64-linux.2/lib/libnet.so
Event: 0.113 Loaded shared library /root/.gradle/jdks/eclipse_adoptium-25-amd64-linux.2/lib/libnet.so
Event: 0.415 Attempting to load shared library /root/.gradle/jdks/eclipse_adoptium-25-amd64-linux.2/lib/libjimage.so
Event: 0.415 Loaded shared library /root/.gradle/jdks/eclipse_adoptium-25-amd64-linux.2/lib/libjimage.so
Event: 0.553 Attempting to load shared library /root/.gradle/jdks/eclipse_adoptium-25-amd64-linux.2/lib/libverify.so
Event: 0.554 Loaded shared library /root/.gradle/jdks/eclipse_adoptium-25-amd64-linux.2/lib/libverify.so

Deoptimization events (20 events):
Event: 7.005 Thread 0x00007f766802b620 DEOPT PACKING pc=0x00007f7658034180 sp=0x00007f766e08d650
Event: 7.005 Thread 0x00007f766802b620 DEOPT UNPACKING pc=0x00007f7657a920f9 sp=0x00007f766e08d580 mode 2
Event: 7.005 Thread 0x00007f766802b620 Uncommon trap: trap_request=0xffffffde fr.pc=0x00007f7658034180 relative=0x0000000000001300
Event: 7.005 Thread 0x00007f766802b620 Uncommon trap: reason=class_check action=maybe_recompile pc=0x00007f7658034180 method=java.util.ComparableTimSort.countRunAndMakeAscending([Ljava/lang/Object;II)I @ 36 c2
Event: 7.005 Thread 0x00007f766802b620 DEOPT PACKING pc=0x00007f7658034180 sp=0x00007f766e08d650
Event: 7.005 Thread 0x00007f766802b620 DEOPT UNPACKING pc=0x00007f7657a920f9 sp=0x00007f766e08d580 mode 2
Event: 7.005 Thread 0x00007f766802b620 Uncommon trap: trap_request=0xffffffde fr.pc=0x00007f7658034180 relative=0x0000000000001300
Event: 7.005 Thread 0x00007f766802b620 Uncommon trap: reason=class_check action=maybe_recompile pc=0x00007f7658034180 method=java.util.ComparableTimSort.countRunAndMakeAscending([Ljava/lang/Object;II)I @ 36 c2
Event: 7.005 Thread 0x00007f766802b620 DEOPT PACKING pc=0x00007f7658034180 sp=0x00007f766e08d650
Event: 7.005 Thread 0x00007f766802b620 DEOPT UNPACKING pc=0x00007f7657a920f9 sp=0x00007f766e08d580 mode 2
Event: 7.006 Thread 0x00007f766802b620 Uncommon trap: trap_request=0xffffffde fr.pc=0x00007f7658034180 relative=0x0000000000001300
Event: 7.006 Thread 0x00007f766802b620 Uncommon trap: reason=class_check action=maybe_recompile pc=0x00007f7658034180 method=java.util.ComparableTimSort.countRunAndMakeAscending([Ljava/lang/Object;II)I @ 36 c2
Event: 7.006 Thread 0x00007f766802b620 DEOPT PACKING pc=0x00007f7658034180 sp=0x00007f766e08d650
Event: 7.006 Thread 0x00007f766802b620 DEOPT UNPACKING pc=0x00007f7657a920f9 sp=0x00007f766e08d580 mode 2
Event: 7.137 Thread 0x00007f766802b620 DEOPT PACKING pc=0x00007f76504c2188 sp=0x00007f766e08d400
Event: 7.137 Thread 0x00007f766802b620 DEOPT UNPACKING pc=0x00007f7657a49b8f sp=0x00007f766e08c8b0 mode 0
Event: 7.141 Thread 0x00007f766802b620 DEOPT PACKING pc=0x00007f765061b145 sp=0x00007f766e08d2e0
Event: 7.141 Thread 0x00007f766802b620 DEOPT UNPACKING pc=0x00007f7657a49b8f sp=0x00007f766e08c8e8 mode 0
Event: 7.202 Thread 0x00007f766802b620 DEOPT PACKING pc=0x00007f7650605044 sp=0x00007f766e08d220
Event: 7.202 Thread 0x00007f766802b620 DEOPT UNPACKING pc=0x00007f7657a49b8f sp=0x00007f766e08c738 mode 0

Classes loaded (20 events):
Event: 0.718 Loading class java/util/concurrent/ExecutionException
Event: 0.718 Loading class java/util/concurrent/ExecutionException done
Event: 0.719 Loading class java/util/zip/ZipFile$ZipEntryIterator
Event: 0.719 Loading class java/util/zip/ZipFile$ZipEntryIterator done
Event: 0.728 Loading class jdk/internal/module/SystemModuleFinders$ModuleContentSpliterator
Event: 0.728 Loading class jdk/internal/module/SystemModuleFinders$ModuleContentSpliterator done
Event: 0.728 Loading class jdk/internal/jimage/ImageReader$Directory
Event: 0.729 Loading class jdk/internal/jimage/ImageReader$Node
Event: 0.729 Loading class jdk/internal/jimage/ImageReader$Node done
Event: 0.729 Loading class jdk/internal/jimage/ImageReader$Directory done
Event: 0.732 Loading class jdk/internal/jimage/ImageReader$SharedImageReader$LocationVisitor
Event: 0.732 Loading class jdk/internal/jimage/ImageReader$SharedImageReader$LocationVisitor done
Event: 0.733 Loading class java/nio/ByteBufferAsIntBufferL
Event: 0.733 Loading class java/nio/ByteBufferAsIntBufferL done
Event: 0.734 Loading class jdk/internal/jimage/ImageReader$Resource
Event: 0.734 Loading class jdk/internal/jimage/ImageReader$Resource done
Event: 1.824 Loading class java/io/DataOutputStream
Event: 1.825 Loading class java/io/DataOutputStream done
Event: 1.826 Loading class java/util/ComparableTimSort
Event: 1.827 Loading class java/util/ComparableTimSort done

Classes unloaded (0 events):
No events

Classes redefined (0 events):
No events

Internal exceptions (16 events):
Event: 0.126 Thread 0x00007f766802b620 Exception <a 'java/lang/NoSuchMethodError'{0x0000000701ea9bd8}: 'void java.lang.invoke.DirectMethodHandle$Holder.invokeStatic(java.lang.Object, java.lang.Object)'> (0x0000000701ea9bd8) 
thrown [src/hotspot/share/interpreter/linkResolver.cpp, line 803]
Event: 0.227 Thread 0x00007f766802b620 Exception <a 'java/lang/NoSuchMethodError'{0x0000000701f42870}: 'void java.lang.invoke.DirectMethodHandle$Holder.invokeSpecial(java.lang.Object, java.lang.Object, java.lang.Object)'> (0x0000000701f42870) 
thrown [src/hotspot/share/interpreter/linkResolver.cpp, line 803]
Event: 0.541 Thread 0x00007f766802b620 Exception <a 'java/lang/NoSuchMethodError'{0x0000000701997ae8}: 'java.lang.Object java.lang.invoke.DirectMethodHandle$Holder.invokeStaticInit(java.lang.Object)'> (0x0000000701997ae8) 
thrown [src/hotspot/share/interpreter/linkResolver.cpp, line 803]
Event: 0.550 Thread 0x00007f766802b620 Exception <a 'java/lang/NoSuchMethodError'{0x00000007019ee918}: 'void java.lang.invoke.DirectMethodHandle$Holder.invokeStaticInit(java.lang.Object, java.lang.Object)'> (0x00000007019ee918) 
thrown [src/hotspot/share/interpreter/linkResolver.cpp, line 803]
Event: 0.551 Thread 0x00007f766802b620 Exception <a 'java/lang/NoSuchMethodError'{0x00000007019fe138}: 'java.lang.Object java.lang.invoke.DirectMethodHandle$Holder.invokeInterface(java.lang.Object, java.lang.Object, java.lang.Object, java.lang.Object)'> (0x00000007019fe138) 
thrown [src/hotspot/share/interpreter/linkResolver.cpp, line 803]
Event: 0.552 Thread 0x00007f766802b620 Exception <a 'java/lang/IncompatibleClassChangeError'{0x0000000701606988}: Found class java.lang.Object, but interface was expected> (0x0000000701606988) 
thrown [src/hotspot/share/interpreter/linkResolver.cpp, line 871]
Event: 1.843 Thread 0x00007f766802b620 Exception <a 'java/lang/NoSuchMethodError'{0x0000000703545bc8}: 'void java.lang.invoke.DirectMethodHandle$Holder.invokeStatic(java.lang.Object, java.lang.Object, java.lang.Object)'> (0x0000000703545bc8) 
thrown [src/hotspot/share/interpreter/linkResolver.cpp, line 803]
Event: 2.197 Thread 0x00007f766802b620 Exception <a 'java/lang/NoSuchMethodError'{0x0000000703ce8f38}: 'java.lang.Object java.lang.invoke.DirectMethodHandle$Holder.invokeStatic(java.lang.Object, int, java.lang.Object)'> (0x0000000703ce8f38) 
thrown [src/hotspot/share/interpreter/linkResolver.cpp, line 803]
Event: 2.198 Thread 0x00007f766802b620 Exception <a 'java/lang/NoSuchMethodError'{0x0000000703cf1080}: 'java.lang.Object java.lang.invoke.DirectMethodHandle$Holder.invokeStaticInit(java.lang.Object, int, java.lang.Object)'> (0x0000000703cf1080) 
thrown [src/hotspot/share/interpreter/linkResolver.cpp, line 803]
Event: 2.200 Thread 0x00007f766802b620 Exception <a 'java/lang/NoSuchMethodError'{0x0000000703d22108}: 'java.lang.Object java.lang.invoke.DirectMethodHandle$Holder.invokeStaticInit(java.lang.Object, double, double, java.lang.Object)'> (0x0000000703d22108) 
thrown [src/hotspot/share/interpreter/linkResolver.cpp, line 803]
Event: 2.201 Thread 0x00007f766802b620 Exception <a 'java/lang/NoSuchMethodError'{0x0000000703d39fc0}: 'java.lang.Object java.lang.invoke.DirectMethodHandle$Holder.invokeSpecial(java.lang.Object, java.lang.Object, double, double)'> (0x0000000703d39fc0) 
thrown [src/hotspot/share/interpreter/linkResolver.cpp, line 803]
Event: 2.206 Thread 0x00007f766802b620 Exception <a 'java/lang/NoSuchMethodError'{0x0000000703db0288}: 'void java.lang.invoke.DirectMethodHandle$Holder.invokeStaticInit(java.lang.Object, java.lang.Object, java.lang.Object)'> (0x0000000703db0288) 
thrown [src/hotspot/share/interpreter/linkResolver.cpp, line 803]
Event: 2.208 Thread 0x00007f766802b620 Exception <a 'java/lang/NoSuchMethodError'{0x0000000703dbfcc0}: 'java.lang.Object java.lang.invoke.DirectMethodHandle$Holder.invokeStaticInit(java.lang.Object, java.lang.Object, java.lang.Object)'> (0x0000000703dbfcc0) 
thrown [src/hotspot/share/interpreter/linkResolver.cpp, line 803]
Event: 6.415 Thread 0x00007f766802b620 Implicit null exception at 0x00007f76580025a6 to 0x00007f7658002774
Event: 6.416 Thread 0x00007f766802b620 Exception <a 'java/lang/NoSuchMethodError'{0x000000071b7b8748}: 'int java.lang.invoke.DirectMethodHandle$Holder.invokeVirtual(java.lang.Object, java.lang.Object)'> (0x000000071b7b8748) 
thrown [src/hotspot/share/interpreter/linkResolver.cpp, line 803]
Event: 7.124 Thread 0x00007f766802b620 Exception <a 'java/lang/NoSuchMethodError'{0x0000000719a80720}: 'java.lang.Object java.lang.invoke.DirectMethodHandle$Holder.invokeVirtual(java.lang.Object, java.lang.Object, java.lang.Object)'> (0x0000000719a80720) 
thrown [src/hotspot/share/interpreter/linkResolver.cpp, line 803]

VM Operations (20 events):
Event: 3.402 Executing safepoint VM operation: G1CollectForAllocation (G1 Evacuation Pause) done
Event: 3.544 Executing safepoint VM operation: G1CollectForAllocation (G1 Evacuation Pause)
Event: 3.632 Executing safepoint VM operation: G1CollectForAllocation (G1 Evacuation Pause) done
Event: 3.816 Executing safepoint VM operation: G1CollectForAllocation (G1 Evacuation Pause)
Event: 3.837 Executing safepoint VM operation: G1CollectForAllocation (G1 Evacuation Pause) done
Event: 4.039 Executing safepoint VM operation: G1CollectForAllocation (G1 Evacuation Pause)
Event: 4.106 Executing safepoint VM operation: G1CollectForAllocation (G1 Evacuation Pause) done
Event: 4.341 Executing safepoint VM operation: G1PauseRemark
Event: 4.349 Executing safepoint VM operation: G1PauseRemark done
Event: 4.628 Executing safepoint VM operation: G1PauseCleanup
Event: 4.628 Executing safepoint VM operation: G1PauseCleanup done
Event: 4.724 Executing safepoint VM operation: G1CollectForAllocation (G1 Evacuation Pause)
Event: 4.896 Executing safepoint VM operation: G1CollectForAllocation (G1 Evacuation Pause) done
Event: 5.202 Executing safepoint VM operation: G1CollectForAllocation (G1 Evacuation Pause)
Event: 5.306 Executing safepoint VM operation: G1CollectForAllocation (G1 Evacuation Pause) done
Event: 5.627 Executing safepoint VM operation: G1CollectForAllocation (G1 Evacuation Pause)
Event: 5.734 Executing safepoint VM operation: G1CollectForAllocation (G1 Evacuation Pause) done
Event: 6.039 Executing safepoint VM operation: G1CollectForAllocation (G1 Evacuation Pause)
Event: 6.200 Executing safepoint VM operation: G1CollectForAllocation (G1 Evacuation Pause) done
Event: 7.219 Executing safepoint VM operation: G1CollectForAllocation (G1 Evacuation Pause)

Memory protections (11 events):
Event: 0.001 Protecting memory [0x00007f766df8f000,0x00007f766df93000] with protection modes 0
Event: 0.015 Protecting memory [0x0000000066000000,0x0000000066001000] with protection modes 0
Event: 0.027 Protecting memory [0x00007f764c3c0000,0x00007f764c3c4000] with protection modes 0
Event: 0.028 Protecting memory [0x00007f764c2bf000,0x00007f764c2c3000] with protection modes 0
Event: 0.028 Protecting memory [0x00007f764c1be000,0x00007f764c1c2000] with protection modes 0
Event: 0.029 Protecting memory [0x00007f764c0bd000,0x00007f764c0c1000] with protection modes 0
Event: 0.031 Protecting memory [0x00007f763df00000,0x00007f763df04000] with protection modes 0
Event: 0.031 Protecting memory [0x00007f763ddff000,0x00007f763de03000] with protection modes 0
Event: 0.035 Protecting memory [0x00007f763dcfe000,0x00007f763dd02000] with protection modes 0
Event: 0.041 Protecting memory [0x00007f763dbfd000,0x00007f763dc01000] with protection modes 0
Event: 0.042 Protecting memory [0x00007f763dafc000,0x00007f763db00000] with protection modes 0

Nmethod flushes (20 events):
Event: 4.345 Thread 0x00007f76680ade30 flushing  nmethod 0x00007f7650630388
Event: 4.345 Thread 0x00007f76680ade30 flushing  nmethod 0x00007f7650631008
Event: 4.345 Thread 0x00007f76680ade30 flushing  nmethod 0x00007f7650632a88
Event: 4.345 Thread 0x00007f76680ade30 flushing  nmethod 0x00007f7650633d08
Event: 4.345 Thread 0x00007f76680ade30 flushing  nmethod 0x00007f7650634688
Event: 4.345 Thread 0x00007f76680ade30 flushing  nmethod 0x00007f7650637908
Event: 4.345 Thread 0x00007f76680ade30 flushing  nmethod 0x00007f7650638d08
Event: 4.345 Thread 0x00007f76680ade30 flushing  nmethod 0x00007f765063b888
Event: 4.345 Thread 0x00007f76680ade30 flushing  nmethod 0x00007f765063e108
Event: 4.345 Thread 0x00007f76680ade30 flushing  nmethod 0x00007f765063e608
Event: 4.345 Thread 0x00007f76680ade30 flushing  nmethod 0x00007f765063e908
Event: 4.345 Thread 0x00007f76680ade30 flushing  nmethod 0x00007f765063fc08
Event: 4.345 Thread 0x00007f76680ade30 flushing  nmethod 0x00007f7650640208
Event: 4.345 Thread 0x00007f76680ade30 flushing  nmethod 0x00007f7650648c08
Event: 4.345 Thread 0x00007f76680ade30 flushing  nmethod 0x00007f7650649588
Event: 4.345 Thread 0x00007f76680ade30 flushing  nmethod 0x00007f765064b508
Event: 4.345 Thread 0x00007f76680ade30 flushing  nmethod 0x00007f765065d908
Event: 4.345 Thread 0x00007f76680ade30 flushing  nmethod 0x00007f765065df88
Event: 4.345 Thread 0x00007f76680ade30 flushing  nmethod 0x00007f765068f788
Event: 4.345 Thread 0x00007f76680ade30 flushing  nmethod 0x00007f76506b2308

Events (13 events):
Event: 0.018 Thread 0x00007f766802b620 Thread added: 0x00007f766802b620
Event: 0.021 Thread 0x00007f766802b620 JVMTI - enter early start phase
Event: 0.027 Thread 0x00007f766802b620 Thread added: 0x00007f76680b9620
Event: 0.028 Thread 0x00007f766802b620 Thread added: 0x00007f76680bae50
Event: 0.028 Thread 0x00007f766802b620 Thread added: 0x00007f76680bc8a0
Event: 0.028 Thread 0x00007f766802b620 Thread added: 0x00007f76680be1c0
Event: 0.031 Thread 0x00007f766802b620 Thread added: 0x00007f76680bfa40
Event: 0.031 Thread 0x00007f766802b620 Thread added: 0x00007f76680c1840
Event: 0.035 Thread 0x00007f766802b620 Thread added: 0x00007f76680c3230
Event: 0.038 Thread 0x00007f766802b620 JVMTI - enter start phase
Event: 0.039 Thread 0x00007f766802b620 JVMTI - enter live phase
Event: 0.040 Thread 0x00007f766802b620 Thread added: 0x00007f76680d76d0
Event: 0.042 Thread 0x00007f766802b620 Thread added: 0x00007f76680da9a0


Dynamic libraries:
66000000-66001000 ---p 00000000 00:00 0 
66001000-664ad000 rw-p 00001000 fe:00 264461                             /root/.gradle/jdks/eclipse_adoptium-25-amd64-linux.2/lib/server/classes.jsa
664ad000-66d96000 rw-p 004ad000 fe:00 264461                             /root/.gradle/jdks/eclipse_adoptium-25-amd64-linux.2/lib/server/classes.jsa
66d96000-67000000 ---p 00000000 00:00 0 
67000000-67030000 rw-p 00000000 00:00 0 
67030000-67040000 ---p 00000000 00:00 0 
67040000-670a0000 rw-p 00000000 00:00 0 
670a0000-a7000000 ---p 00000000 00:00 0 
700000000-71fc00000 rw-p 00000000 00:00 0 
75fc00000-7fe400000 ---p 00000000 00:00 0 
7fe400000-7ffe00000 rw-p 00000000 00:00 0 
7ffe00000-7fff24000 rw-p 00dca000 fe:00 264461                           /root/.gradle/jdks/eclipse_adoptium-25-amd64-linux.2/lib/server/classes.jsa
7fff24000-800000000 rw-p 00000000 00:00 0 
557e4f2d0000-557e4f2d1000 r--p 00000000 fe:00 264387                     /root/.gradle/jdks/eclipse_adoptium-25-amd64-linux.2/bin/java
557e4f2d1000-557e4f2d2000 r-xp 00001000 fe:00 264387                     /root/.gradle/jdks/eclipse_adoptium-25-amd64-linux.2/bin/java
557e4f2d2000-557e4f2d3000 r--p 00002000 fe:00 264387                     /root/.gradle/jdks/eclipse_adoptium-25-amd64-linux.2/bin/java
557e4f2d3000-557e4f2d4000 r--p 00002000 fe:00 264387                     /root/.gradle/jdks/eclipse_adoptium-25-amd64-linux.2/bin/java
557e4f2d4000-557e4f2d5000 rw-p 00003000 fe:00 264387                     /root/.gradle/jdks/eclipse_adoptium-25-amd64-linux.2/bin/java
557e50a14000-557e50a5d000 rw-p 00000000 00:00 0                          [heap]
7f760c000000-7f760e09e000 rw-p 00000000 00:00 0 
7f760e09e000-7f7610000000 ---p 00000000 00:00 0 
7f7610000000-7f7610704000 rw-p 00000000 00:00 0 
7f7610704000-7f7614000000 ---p 00000000 00:00 0 
7f7614000000-7f7614021000 rw-p 00000000 00:00 0 
7f7614021000-7f7618000000 ---p 00000000 00:00 0 
7f7618000000-7f7618021000 rw-p 00000000 00:00 0 
7f7618021000-7f761c000000 ---p 00000000 00:00 0 
7f761c000000-7f761c021000 rw-p 00000000 00:00 0 
7f761c021000-7f7620000000 ---p 00000000 00:00 0 
7f7620000000-7f7620021000 rw-p 00000000 00:00 0 
7f7620021000-7f7624000000 ---p 00000000 00:00 0 
7f7624000000-7f7624500000 rw-p 00000000 00:00 0 
7f7624500000-7f7628000000 ---p 00000000 00:00 0 
7f7628000000-7f7628021000 rw-p 00000000 00:00 0 
7f7628021000-7f762c000000 ---p 00000000 00:00 0 
7f762c000000-7f762c1d0000 rw-p 00000000 00:00 0 
7f762c1d0000-7f762c400000 ---p 00000000 00:00 0 
7f762c400000-7f762c640000 rw-p 00000000 00:00 0 
7f762c640000-7f7630000000 ---p 00000000 00:00 0 
7f7630000000-7f7630021000 rw-p 00000000 00:00 0 
7f7630021000-7f7634000000 ---p 00000000 00:00 0 
7f7634000000-7f7634021000 rw-p 00000000 00:00 0 
7f7634021000-7f7638000000 ---p 00000000 00:00 0 
7f7638000000-7f7638021000 rw-p 00000000 00:00 0 
7f7638021000-7f763c000000 ---p 00000000 00:00 0 
7f763d9fa000-7f763d9fb000 ---p 00000000 00:00 0 
7f763d9fb000-7f763dafb000 rw-p 00000000 00:00 0 
7f763dafb000-7f763dafc000 ---p 00000000 00:00 0 
7f763dafc000-7f763db00000 ---p 00000000 00:00 0 
7f763db00000-7f763dbfc000 rw-p 00000000 00:00 0 
7f763dbfc000-7f763dbfd000 ---p 00000000 00:00 0 
7f763dbfd000-7f763dc01000 ---p 00000000 00:00 0 
7f763dc01000-7f763dcfd000 rw-p 00000000 00:00 0 
7f763dcfd000-7f763dcfe000 ---p 00000000 00:00 0 
7f763dcfe000-7f763dd02000 ---p 00000000 00:00 0 
7f763dd02000-7f763ddfe000 rw-p 00000000 00:00 0 
7f763ddfe000-7f763ddff000 ---p 00000000 00:00 0 
7f763ddff000-7f763de03000 ---p 00000000 00:00 0 
7f763de03000-7f763deff000 rw-p 00000000 00:00 0 
7f763deff000-7f763df00000 ---p 00000000 00:00 0 
7f763df00000-7f763df04000 ---p 00000000 00:00 0 
7f763df04000-7f7640000000 rw-p 00000000 00:00 0 
7f7640000000-7f7640021000 rw-p 00000000 00:00 0 
7f7640021000-7f7644000000 ---p 00000000 00:00 0 
7f7644000000-7f7644021000 rw-p 00000000 00:00 0 
7f7644021000-7f7648000000 ---p 00000000 00:00 0 
7f7648000000-7f7648023000 rw-p 00000000 00:00 0 
7f7648023000-7f764c000000 ---p 00000000 00:00 0 
7f764c068000-7f764c06c000 r--p 00000000 fe:00 264494                     /root/.gradle/jdks/eclipse_adoptium-25-amd64-linux.2/lib/libverify.so
7f764c06c000-7f764c075000 r-xp 00004000 fe:00 264494                     /root/.gradle/jdks/eclipse_adoptium-25-amd64-linux.2/lib/libverify.so
7f764c075000-7f764c077000 r--p 0000d000 fe:00 264494                     /root/.gradle/jdks/eclipse_adoptium-25-amd64-linux.2/lib/libverify.so
7f764c077000-7f764c079000 r--p 0000e000 fe:00 264494                     /root/.gradle/jdks/eclipse_adoptium-25-amd64-linux.2/lib/libverify.so
7f764c079000-7f764c07a000 rw-p 00010000 fe:00 264494                     /root/.gradle/jdks/eclipse_adoptium-25-amd64-linux.2/lib/libverify.so
7f764c07a000-7f764c07b000 r--p 00000000 fe:00 264464                     /root/.gradle/jdks/eclipse_adoptium-25-amd64-linux.2/lib/libsimdsort.so
7f764c07b000-7f764c0b4000 r-xp 00001000 fe:00 264464                     /root/.gradle/jdks/eclipse_adoptium-25-amd64-linux.2/lib/libsimdsort.so
7f764c0b4000-7f764c0ba000 r--p 0003a000 fe:00 264464                     /root/.gradle/jdks/eclipse_adoptium-25-amd64-linux.2/lib/libsimdsort.so
7f764c0ba000-7f764c0bb000 r--p 0003f000 fe:00 264464                     /root/.gradle/jdks/eclipse_adoptium-25-amd64-linux.2/lib/libsimdsort.so
7f764c0bb000-7f764c0bc000 rw-p 00040000 fe:00 264464                     /root/.gradle/jdks/eclipse_adoptium-25-amd64-linux.2/lib/libsimdsort.so
7f764c0bc000-7f764c0bd000 ---p 00000000 00:00 0 
7f764c0bd000-7f764c0c1000 ---p 00000000 00:00 0 
7f764c0c1000-7f764c1bd000 rw-p 00000000 00:00 0 
7f764c1bd000-7f764c1be000 ---p 00000000 00:00 0 
7f764c1be000-7f764c1c2000 ---p 00000000 00:00 0 
7f764c1c2000-7f764c2be000 rw-p 00000000 00:00 0 
7f764c2be000-7f764c2bf000 ---p 00000000 00:00 0 
7f764c2bf000-7f764c2c3000 ---p 00000000 00:00 0 
7f764c2c3000-7f764c3bf000 rw-p 00000000 00:00 0 
7f764c3bf000-7f764c3c0000 ---p 00000000 00:00 0 
7f764c3c0000-7f764c3c4000 ---p 00000000 00:00 0 
7f764c3c4000-7f764ccb0000 rw-p 00000000 00:00 0 
7f764ccb0000-7f7650450000 ---p 00000000 00:00 0 
7f7650450000-7f76504c0000 rw-p 00000000 00:00 0 
7f76504c0000-7f7650740000 rwxp 00000000 00:00 0 
7f7650740000-7f76579f9000 ---p 00000000 00:00 0 
7f76579f9000-7f7657c69000 rwxp 00000000 00:00 0 
7f7657c69000-7f7657f88000 ---p 00000000 00:00 0 
7f7657f88000-7f76581f8000 rwxp 00000000 00:00 0 
7f76581f8000-7f765f4c1000 ---p 00000000 00:00 0 
7f765f4c1000-7f7668000000 r--s 00000000 fe:00 264486                     /root/.gradle/jdks/eclipse_adoptium-25-amd64-linux.2/lib/modules
7f7668000000-7f76682e6000 rw-p 00000000 00:00 0 
7f76682e6000-7f766c000000 ---p 00000000 00:00 0 
7f766c004000-7f766c006000 r--p 00000000 fe:00 264479                     /root/.gradle/jdks/eclipse_adoptium-25-amd64-linux.2/lib/libzip.so
7f766c006000-7f766c019000 r-xp 00002000 fe:00 264479                     /root/.gradle/jdks/eclipse_adoptium-25-amd64-linux.2/lib/libzip.so
7f766c019000-7f766c020000 r--p 00015000 fe:00 264479                     /root/.gradle/jdks/eclipse_adoptium-25-amd64-linux.2/lib/libzip.so
7f766c020000-7f766c021000 r--p 0001c000 fe:00 264479                     /root/.gradle/jdks/eclipse_adoptium-25-amd64-linux.2/lib/libzip.so
7f766c021000-7f766c022000 rw-p 0001d000 fe:00 264479                     /root/.gradle/jdks/eclipse_adoptium-25-amd64-linux.2/lib/libzip.so
7f766c022000-7f766c079000 r--p 00000000 00:25 13882                      /usr/lib/locale/C.utf8/LC_CTYPE
7f766c079000-7f766c07a000 ---p 00000000 00:00 0 
7f766c07a000-7f766c297000 rw-p 00000000 00:00 0 
7f766c297000-7f766c298000 ---p 00000000 00:00 0 
7f766c298000-7f766c398000 rw-p 00000000 00:00 0 
7f766c398000-7f766c39b000 r--p 00000000 fe:00 264509                     /root/.gradle/jdks/eclipse_adoptium-25-amd64-linux.2/lib/libnet.so
7f766c39b000-7f766c3a3000 r-xp 00003000 fe:00 264509                     /root/.gradle/jdks/eclipse_adoptium-25-amd64-linux.2/lib/libnet.so
7f766c3a3000-7f766c3a5000 r--p 0000b000 fe:00 264509                     /root/.gradle/jdks/eclipse_adoptium-25-amd64-linux.2/lib/libnet.so
7f766c3a5000-7f766c3a6000 r--p 0000c000 fe:00 264509                     /root/.gradle/jdks/eclipse_adoptium-25-amd64-linux.2/lib/libnet.so
7f766c3a6000-7f766c3a7000 rw-p 0000d000 fe:00 264509                     /root/.gradle/jdks/eclipse_adoptium-25-amd64-linux.2/lib/libnet.so
7f766c3a7000-7f766c3af000 r--p 00000000 fe:00 264473                     /root/.gradle/jdks/eclipse_adoptium-25-amd64-linux.2/lib/libnio.so
7f766c3af000-7f766c3b8000 r-xp 00008000 fe:00 264473                     /root/.gradle/jdks/eclipse_adoptium-25-amd64-linux.2/lib/libnio.so
7f766c3b8000-7f766c3bc000 r--p 00011000 fe:00 264473                     /root/.gradle/jdks/eclipse_adoptium-25-amd64-linux.2/lib/libnio.so
7f766c3bc000-7f766c3bd000 r--p 00015000 fe:00 264473                     /root/.gradle/jdks/eclipse_adoptium-25-amd64-linux.2/lib/libnio.so
7f766c3bd000-7f766c3be000 rw-p 00016000 fe:00 264473                     /root/.gradle/jdks/eclipse_adoptium-25-amd64-linux.2/lib/libnio.so
7f766c3be000-7f766c3bf000 r--p 00000000 00:25 13888                      /usr/lib/locale/C.utf8/LC_NUMERIC
7f766c3bf000-7f766c3c0000 r--p 00000000 00:25 13891                      /usr/lib/locale/C.utf8/LC_TIME
7f766c3c0000-7f766c3c1000 r--p 00000000 00:25 13881                      /usr/lib/locale/C.utf8/LC_COLLATE
7f766c3c1000-7f766c3c2000 r--p 00000000 00:25 13886                      /usr/lib/locale/C.utf8/LC_MONETARY
7f766c3c2000-7f766c3c3000 r--p 00000000 00:25 13885                      /usr/lib/locale/C.utf8/LC_MESSAGES/SYS_LC_MESSAGES
7f766c3c3000-7f766c3c4000 r--p 00000000 00:25 13889                      /usr/lib/locale/C.utf8/LC_PAPER
7f766c3c4000-7f766c3c5000 r--p 00000000 00:25 13887                      /usr/lib/locale/C.utf8/LC_NAME
7f766c3c5000-7f766c3cc000 r--s 00000000 00:25 17572                      /usr/lib/x86_64-linux-gnu/gconv/gconv-modules.cache
7f766c3cc000-7f766c3cd000 ---p 00000000 00:00 0 
7f766c3cd000-7f766c4cd000 rw-p 00000000 00:00 0 
7f766c4cd000-7f766c4ce000 ---p 00000000 00:00 0 
7f766c4ce000-7f766c7d0000 rw-p 00000000 00:00 0 
7f766c7d0000-7f766c7d1000 ---p 00000000 00:00 0 
7f766c7d1000-7f766c8d1000 rw-p 00000000 00:00 0 
7f766c8d1000-7f766c8d2000 ---p 00000000 00:00 0 
7f766c8d2000-7f766c9d2000 rw-p 00000000 00:00 0 
7f766c9d2000-7f766c9d3000 ---p 00000000 00:00 0 
7f766c9d3000-7f766cc37000 rw-p 00000000 00:00 0 
7f766cc37000-7f766d32b000 ---p 00000000 00:00 0 
7f766d32b000-7f766d437000 rw-p 00000000 00:00 0 
7f766d437000-7f766db2b000 ---p 00000000 00:00 0 
7f766db2b000-7f766dd61000 rw-p 00000000 00:00 0 
7f766dd61000-7f766de47000 ---p 00000000 00:00 0 
7f766de47000-7f766de4c000 rw-p 00000000 00:00 0 
7f766de4c000-7f766de53000 ---p 00000000 00:00 0 
7f766de53000-7f766de58000 rw-p 00000000 00:00 0 
7f766de58000-7f766df3e000 ---p 00000000 00:00 0 
7f766df3e000-7f766df4c000 r--p 00000000 fe:00 264493                     /root/.gradle/jdks/eclipse_adoptium-25-amd64-linux.2/lib/libjava.so
7f766df4c000-7f766df5a000 r-xp 0000e000 fe:00 264493                     /root/.gradle/jdks/eclipse_adoptium-25-amd64-linux.2/lib/libjava.so
7f766df5a000-7f766df5f000 r--p 0001c000 fe:00 264493                     /root/.gradle/jdks/eclipse_adoptium-25-amd64-linux.2/lib/libjava.so
7f766df5f000-7f766df60000 r--p 00021000 fe:00 264493                     /root/.gradle/jdks/eclipse_adoptium-25-amd64-linux.2/lib/libjava.so
7f766df60000-7f766df61000 rw-p 00022000 fe:00 264493                     /root/.gradle/jdks/eclipse_adoptium-25-amd64-linux.2/lib/libjava.so
7f766df61000-7f766df62000 rw-p 00000000 00:00 0 
7f766df62000-7f766df6a000 rw-s 00000000 fe:00 262865                     /tmp/hsperfdata_root/2574
7f766df6a000-7f766df6e000 r--p 00000000 fe:00 264512                     /root/.gradle/jdks/eclipse_adoptium-25-amd64-linux.2/lib/libjimage.so
7f766df6e000-7f766df86000 r-xp 00004000 fe:00 264512                     /root/.gradle/jdks/eclipse_adoptium-25-amd64-linux.2/lib/libjimage.so
7f766df86000-7f766df8c000 r--p 0001c000 fe:00 264512                     /root/.gradle/jdks/eclipse_adoptium-25-amd64-linux.2/lib/libjimage.so
7f766df8c000-7f766df8e000 r--p 00021000 fe:00 264512                     /root/.gradle/jdks/eclipse_adoptium-25-amd64-linux.2/lib/libjimage.so
7f766df8e000-7f766df8f000 rw-p 00023000 fe:00 264512                     /root/.gradle/jdks/eclipse_adoptium-25-amd64-linux.2/lib/libjimage.so
7f766df8f000-7f766df93000 ---p 00000000 00:00 0 
7f766df93000-7f766e08f000 rw-p 00000000 00:00 0 
7f766e08f000-7f766e09f000 r--p 00000000 00:25 18057                      /usr/lib/x86_64-linux-gnu/libm.so.6
7f766e09f000-7f766e113000 r-xp 00010000 00:25 18057                      /usr/lib/x86_64-linux-gnu/libm.so.6
7f766e113000-7f766e16d000 r--p 00084000 00:25 18057                      /usr/lib/x86_64-linux-gnu/libm.so.6
7f766e16d000-7f766e16e000 r--p 000dd000 00:25 18057                      /usr/lib/x86_64-linux-gnu/libm.so.6
7f766e16e000-7f766e16f000 rw-p 000de000 00:25 18057                      /usr/lib/x86_64-linux-gnu/libm.so.6
7f766e16f000-7f766e170000 r--p 00000000 00:25 18172                      /usr/lib/x86_64-linux-gnu/librt.so.1
7f766e170000-7f766e171000 r-xp 00001000 00:25 18172                      /usr/lib/x86_64-linux-gnu/librt.so.1
7f766e171000-7f766e172000 r--p 00002000 00:25 18172                      /usr/lib/x86_64-linux-gnu/librt.so.1
7f766e172000-7f766e173000 r--p 00002000 00:25 18172                      /usr/lib/x86_64-linux-gnu/librt.so.1
7f766e173000-7f766e174000 rw-p 00003000 00:25 18172                      /usr/lib/x86_64-linux-gnu/librt.so.1
7f766e174000-7f766e457000 r--p 00000000 fe:00 264463                     /root/.gradle/jdks/eclipse_adoptium-25-amd64-linux.2/lib/server/libjvm.so
7f766e457000-7f766f4f4000 r-xp 002e3000 fe:00 264463                     /root/.gradle/jdks/eclipse_adoptium-25-amd64-linux.2/lib/server/libjvm.so
7f766f4f4000-7f766f806000 r--p 01380000 fe:00 264463                     /root/.gradle/jdks/eclipse_adoptium-25-amd64-linux.2/lib/server/libjvm.so
7f766f806000-7f766f8f2000 r--p 01691000 fe:00 264463                     /root/.gradle/jdks/eclipse_adoptium-25-amd64-linux.2/lib/server/libjvm.so
7f766f8f2000-7f766f91d000 rw-p 0177d000 fe:00 264463                     /root/.gradle/jdks/eclipse_adoptium-25-amd64-linux.2/lib/server/libjvm.so
7f766f91d000-7f766f99b000 rw-p 00000000 00:00 0 
7f766f99b000-7f766f99c000 r--p 00000000 00:25 18147                      /usr/lib/x86_64-linux-gnu/libpthread.so.0
7f766f99c000-7f766f99d000 r-xp 00001000 00:25 18147                      /usr/lib/x86_64-linux-gnu/libpthread.so.0
7f766f99d000-7f766f99e000 r--p 00002000 00:25 18147                      /usr/lib/x86_64-linux-gnu/libpthread.so.0
7f766f99e000-7f766f99f000 r--p 00002000 00:25 18147                      /usr/lib/x86_64-linux-gnu/libpthread.so.0
7f766f99f000-7f766f9a0000 rw-p 00003000 00:25 18147                      /usr/lib/x86_64-linux-gnu/libpthread.so.0
7f766f9a0000-7f766f9a1000 r--p 00000000 00:25 17896                      /usr/lib/x86_64-linux-gnu/libdl.so.2
7f766f9a1000-7f766f9a2000 r-xp 00001000 00:25 17896                      /usr/lib/x86_64-linux-gnu/libdl.so.2
7f766f9a2000-7f766f9a3000 r--p 00002000 00:25 17896                      /usr/lib/x86_64-linux-gnu/libdl.so.2
7f766f9a3000-7f766f9a4000 r--p 00002000 00:25 17896                      /usr/lib/x86_64-linux-gnu/libdl.so.2
7f766f9a4000-7f766f9a5000 rw-p 00003000 00:25 17896                      /usr/lib/x86_64-linux-gnu/libdl.so.2
7f766f9a5000-7f766f9cb000 r--p 00000000 00:25 17847                      /usr/lib/x86_64-linux-gnu/libc.so.6
7f766f9cb000-7f766fb21000 r-xp 00026000 00:25 17847                      /usr/lib/x86_64-linux-gnu/libc.so.6
7f766fb21000-7f766fb74000 r--p 0017c000 00:25 17847                      /usr/lib/x86_64-linux-gnu/libc.so.6
7f766fb74000-7f766fb78000 r--p 001cf000 00:25 17847                      /usr/lib/x86_64-linux-gnu/libc.so.6
7f766fb78000-7f766fb7a000 rw-p 001d3000 00:25 17847                      /usr/lib/x86_64-linux-gnu/libc.so.6
7f766fb7a000-7f766fb87000 rw-p 00000000 00:00 0 
7f766fb87000-7f766fb88000 r--p 00000000 00:25 13880                      /usr/lib/locale/C.utf8/LC_ADDRESS
7f766fb88000-7f766fb89000 r--p 00000000 00:25 13890                      /usr/lib/locale/C.utf8/LC_TELEPHONE
7f766fb89000-7f766fb8a000 r--p 00000000 00:25 13884                      /usr/lib/locale/C.utf8/LC_MEASUREMENT
7f766fb8a000-7f766fb8b000 r--p 00000000 00:25 13883                      /usr/lib/locale/C.utf8/LC_IDENTIFICATION
7f766fb8b000-7f766fb8c000 ---p 00000000 00:00 0 
7f766fb8c000-7f766fb8d000 r--p 00000000 00:00 0 
7f766fb8d000-7f766fb8e000 ---p 00000000 00:00 0 
7f766fb8e000-7f766fb91000 r--p 00000000 fe:00 264472                     /root/.gradle/jdks/eclipse_adoptium-25-amd64-linux.2/lib/libjli.so
7f766fb91000-7f766fba2000 r-xp 00003000 fe:00 264472                     /root/.gradle/jdks/eclipse_adoptium-25-amd64-linux.2/lib/libjli.so
7f766fba2000-7f766fba9000 r--p 00014000 fe:00 264472                     /root/.gradle/jdks/eclipse_adoptium-25-amd64-linux.2/lib/libjli.so
7f766fba9000-7f766fbaa000 r--p 0001a000 fe:00 264472                     /root/.gradle/jdks/eclipse_adoptium-25-amd64-linux.2/lib/libjli.so
7f766fbaa000-7f766fbab000 rw-p 0001b000 fe:00 264472                     /root/.gradle/jdks/eclipse_adoptium-25-amd64-linux.2/lib/libjli.so
7f766fbab000-7f766fbad000 rw-p 00000000 00:00 0 
7f766fbad000-7f766fbae000 r--p 00000000 00:25 17633                      /usr/lib/x86_64-linux-gnu/ld-linux-x86-64.so.2
7f766fbae000-7f766fbd4000 r-xp 00001000 00:25 17633                      /usr/lib/x86_64-linux-gnu/ld-linux-x86-64.so.2
7f766fbd4000-7f766fbde000 r--p 00027000 00:25 17633                      /usr/lib/x86_64-linux-gnu/ld-linux-x86-64.so.2
7f766fbde000-7f766fbe0000 r--p 00031000 00:25 17633                      /usr/lib/x86_64-linux-gnu/ld-linux-x86-64.so.2
7f766fbe0000-7f766fbe2000 rw-p 00033000 00:25 17633                      /usr/lib/x86_64-linux-gnu/ld-linux-x86-64.so.2
7ffeef691000-7ffeef6b2000 rw-p 00000000 00:00 0                          [stack]
7ffeef771000-7ffeef774000 r--p 00000000 00:00 0                          [vvar]
7ffeef774000-7ffeef776000 r-xp 00000000 00:00 0                          [vdso]
ffffffffff600000-ffffffffff601000 r-xp 00000000 00:00 0                  [vsyscall]
Total number of mappings: 216

JVMTI agents: none


VM Arguments:
jvm_args: -Xmx4g -Dfile.encoding=UTF-8 -Duser.country -Duser.language=en -Duser.variant 
java_command: org.jetbrains.java.decompiler.main.decompiler.ConsoleDecompiler -log=error --decompile-inner --remove-bridge --decompile-generics --ascii-strings --remove-synthetic --include-classpath --ignore-invalid-bytecode --bytecode-source-mapping --dump-code-lines --indent-string=     -cfg=/workspace/build/neoForm/neoFormJoined26.1.2-1/steps/listLibraries/libraries.txt /workspace/build/neoForm/neoFormJoined26.1.2-1/steps/setup/outputs.jar /workspace/build/neoForm/neoFormJoined26.1.2-1/steps/decompile/outputs.jar
java_class_path (initial): /root/.gradle/caches/modules-2/files-2.1/net.neoforged/vineflower-plugins/0.1.5/dd9b3ec730bc38defe928b0871e60e7a60b0119a/vineflower-plugins-0.1.5.jar:/root/.gradle/caches/modules-2/files-2.1/org.vineflower/vineflower/1.11.2/f02c1f554d5bd9cc0fd74d4977efba364d85e739/vineflower-1.11.2.jar
Launcher Type: SUN_STANDARD

[Global flags]
     intx CICompilerCount                          = 2                                         {product} {ergonomic}
     uint ConcGCThreads                            = 1                                         {product} {ergonomic}
     uint G1ConcRefinementThreads                  = 2                                         {product} {ergonomic}
   size_t G1HeapRegionSize                         = 2097152                                   {product} {ergonomic}
   size_t InitialHeapSize                          = 33554432                                  {product} {ergonomic}
   size_t MarkStackSize                            = 4194304                                   {product} {ergonomic}
   size_t MarkStackSizeMax                         = 536870912                                 {product} {ergonomic}
   size_t MaxHeapSize                              = 4294967296                                {product} {command line}
   size_t MaxNewSize                               = 2575302656                                {product} {ergonomic}
   size_t MinHeapDeltaBytes                        = 2097152                                   {product} {ergonomic}
   size_t MinHeapSize                              = 8388608                                   {product} {ergonomic}
    uintx NonNMethodCodeHeapSize                   = 5828608                                {pd product} {ergonomic}
    uintx NonProfiledCodeHeapSize                  = 122916864                              {pd product} {ergonomic}
    uintx ProfiledCodeHeapSize                     = 122916864                              {pd product} {ergonomic}
    uintx ReservedCodeCacheSize                    = 251662336                              {pd product} {ergonomic}
     bool SegmentedCodeCache                       = true                                      {product} {ergonomic}
   size_t SoftMaxHeapSize                          = 4294967296                             {manageable} {ergonomic}
     bool UseCompressedOops                        = true                           {product lp64_product} {ergonomic}
     bool UseG1GC                                  = true                                      {product} {ergonomic}

Logging:
Log output configuration:
 #0: stdout all=warning uptime,level,tags foldmultilines=false
 #1: stderr all=off uptime,level,tags foldmultilines=false

Release file:
IMPLEMENTOR="Eclipse Adoptium"
IMPLEMENTOR_VERSION="Temurin-25.0.4.1+1"
JAVA_RUNTIME_VERSION="25.0.4.1+1-LTS"
JAVA_VERSION="25.0.4.1"
JAVA_VERSION_DATE="2026-08-18"
LIBC="gnu"
MODULES="java.base java.compiler java.datatransfer java.xml java.prefs java.desktop java.instrument java.logging java.management java.security.sasl java.naming java.rmi java.management.rmi java.net.http java.scripting java.security.jgss java.transaction.xa java.sql java.sql.rowset java.xml.crypto java.se java.smartcardio jdk.accessibility jdk.internal.jvmstat jdk.attach jdk.charsets jdk.internal.opt jdk.zipfs jdk.compiler jdk.crypto.cryptoki jdk.crypto.ec jdk.dynalink jdk.internal.ed jdk.editpad jdk.internal.vm.ci jdk.graal.compiler jdk.graal.compiler.management jdk.hotspot.agent jdk.httpserver jdk.incubator.vector jdk.internal.le jdk.internal.md jdk.jartool jdk.javadoc jdk.jcmd jdk.management jdk.management.agent jdk.jconsole jdk.jdeps jdk.jdwp.agent jdk.jdi jdk.jfr jdk.jlink jdk.jpackage jdk.jshell jdk.jsobject jdk.jstatd jdk.localedata jdk.management.jfr jdk.naming.dns jdk.naming.rmi jdk.net jdk.nio.mapmode jdk.sctp jdk.security.auth jdk.security.jgss jdk.unsupported jdk.unsupported.desktop jdk.xml.dom"
OS_ARCH="x86_64"
OS_NAME="Linux"
SOURCE=".:git:520406d87195"
BUILD_SOURCE="git:e6ba7dec3d07654074559310376a3ae89da5f4ac"
BUILD_SOURCE_REPO="https://github.com/adoptium/temurin-build.git"
SOURCE_REPO="https://github.com/adoptium/jdk25u.git"
FULL_VERSION="25.0.4.1+1-LTS"
SEMANTIC_VERSION="25.0.4.1+1"
BUILD_INFO="OS: Linux Version: 6.8.0-1064-azure"
JVM_VARIANT="Hotspot"
JVM_VERSION="25.0.4.1+1-LTS"
IMAGE_TYPE="JDK"

Environment Variables:
PATH=/usr/local/sbin:/usr/local/bin:/usr/sbin:/usr/bin:/sbin:/bin
SHELL=/bin/bash
LANG=C.UTF-8
LC_ALL=C.UTF-8
TERM=tmux-256color

Active Locale:
LC_ALL=C.UTF-8
LC_COLLATE=C.UTF-8
LC_CTYPE=C.UTF-8
LC_MESSAGES=C.UTF-8
LC_MONETARY=C.UTF-8
LC_NUMERIC=C.UTF-8
LC_TIME=C.UTF-8

Signal Handlers:
   SIGSEGV: crash_handler in libjvm.so, mask=11100100010111111101111111111110, flags=SA_RESTART|SA_SIGINFO, unblocked
    SIGBUS: crash_handler in libjvm.so, mask=11100100010111111101111111111110, flags=SA_RESTART|SA_SIGINFO, unblocked
    SIGFPE: crash_handler in libjvm.so, mask=11100100010111111101111111111110, flags=SA_RESTART|SA_SIGINFO, unblocked
   SIGPIPE: javaSignalHandler in libjvm.so, mask=11100100010111111101111111111110, flags=SA_RESTART|SA_SIGINFO, unblocked
   SIGXFSZ: javaSignalHandler in libjvm.so, mask=11100100010111111101111111111110, flags=SA_RESTART|SA_SIGINFO, unblocked
    SIGILL: crash_handler in libjvm.so, mask=11100100010111111101111111111110, flags=SA_RESTART|SA_SIGINFO, unblocked
   SIGUSR2: SR_handler in libjvm.so, mask=00100000000000000000000000000000, flags=SA_RESTART|SA_SIGINFO, unblocked
    SIGHUP: UserHandler in libjvm.so, mask=11100100010111111101111111111110, flags=SA_RESTART|SA_SIGINFO, unblocked
    SIGINT: UserHandler in libjvm.so, mask=11100100010111111101111111111110, flags=SA_RESTART|SA_SIGINFO, unblocked
   SIGTERM: UserHandler in libjvm.so, mask=11100100010111111101111111111110, flags=SA_RESTART|SA_SIGINFO, unblocked
   SIGQUIT: UserHandler in libjvm.so, mask=11100100010111111101111111111110, flags=SA_RESTART|SA_SIGINFO, unblocked
   SIGTRAP: crash_handler in libjvm.so, mask=11100100010111111101111111111110, flags=SA_RESTART|SA_SIGINFO, unblocked


Compilation memory statistics disabled.

Periodic native trim disabled

---------------  S Y S T E M  ---------------

OS:
PRETTY_NAME="Debian GNU/Linux 12 (bookworm)"
NAME="Debian GNU/Linux"
VERSION_ID="12"
VERSION="12 (bookworm)"
VERSION_CODENAME=bookworm
ID=debian
HOME_URL="https://www.debian.org/"
SUPPORT_URL="https://www.debian.org/support"
BUG_REPORT_URL="https://bugs.debian.org/"
uname: Linux 4.19.91-c8dfc93.al7.x86_64 #1 SMP Tue Sep 26 10:25:51 UTC 2023 x86_64
OS uptime: 0 days 0:19 hours
libc: glibc 2.36 NPTL 2.36 
rlimit (soft/hard): STACK 8192k/infinity , CORE 0k/0k , NPROC 100000/100000 , NOFILE 100000/100000 , AS infinity/infinity , CPU infinity/infinity , DATA infinity/infinity , FSIZE infinity/infinity , MEMLOCK 64k/64k
load average: 0.82 0.58 0.24

/proc/meminfo:
MemTotal:        2152516 kB
MemFree:          598288 kB
MemAvailable:     778244 kB
Buffers:           11056 kB
Cached:           220420 kB
SwapCached:            0 kB
Active:          1340236 kB
Inactive:         131812 kB
Active(anon):    1240596 kB
Inactive(anon):       16 kB
Active(file):      99640 kB
Inactive(file):   131796 kB
Unevictable:           0 kB
Mlocked:               0 kB
SwapTotal:             0 kB
SwapFree:              0 kB
Dirty:              1172 kB
Writeback:             0 kB
AnonPages:       1240636 kB
Mapped:            57168 kB
Shmem:                36 kB
Slab:              33300 kB
SReclaimable:      20440 kB
SUnreclaim:        12860 kB
KernelStack:        3248 kB
PageTables:         4192 kB
NFS_Unstable:          0 kB
Bounce:                0 kB
WritebackTmp:          0 kB
CommitLimit:     1076256 kB
Committed_AS:    1658372 kB
VmallocTotal:   34359738367 kB
VmallocUsed:           0 kB
VmallocChunk:          0 kB
Percpu:              392 kB
AnonHugePages:    548864 kB
ShmemHugePages:        0 kB
ShmemPmdMapped:        0 kB
HugePages_Total:       0
HugePages_Free:        0
HugePages_Rsvd:        0
HugePages_Surp:        0
Hugepagesize:       2048 kB
Hugetlb:               0 kB
DirectMap4k:        8192 kB
DirectMap2M:     2523136 kB
DirectMap1G:           0 kB

/sys/kernel/mm/transparent_hugepage/enabled: [always] madvise never
/sys/kernel/mm/transparent_hugepage/hpage_pmd_size: 2097152
/sys/kernel/mm/transparent_hugepage/shmem_enabled: always within_size advise [never] deny force
/sys/kernel/mm/transparent_hugepage/defrag (defrag/compaction efforts parameter): always defer defer+madvise madvise [never]

Process Memory:
Virtual Size: 5818304K (peak: 6878912K)
Resident Set Size: 560540K (peak: 560540K) (anon: 534504K, file: 26036K, shmem: 0K)
Swapped out: 0K
C-Heap outstanding allocations: 33629K, retained: 22310K
glibc malloc tunables: (default)

/proc/sys/kernel/threads-max (system-wide limit on the number of threads): 1129
/proc/sys/vm/max_map_count (maximum number of memory map areas a process may have): 65530
/proc/sys/vm/swappiness (control to define how aggressively the kernel swaps out anonymous memory): 60
/proc/sys/kernel/pid_max (system-wide limit on number of process identifiers): 32768

container (cgroup) information:
container_type: cgroupv1
cpu_cpuset_cpus: 0-1
cpu_memory_nodes: 0
active_processor_count: 2
cpu_quota: no quota
cpu_period: 100000
cpu_shares: 12288
cpu_usage_in_micros: 225030794
memory_limit_in_bytes: 2097152 k
memory_and_swap_limit_in_bytes: unlimited
memory_soft_limit_in_bytes: unlimited
memory_throttle_limit_in_bytes: not supported
memory_usage_in_bytes: 1491536 k
memory_max_usage_in_bytes: 1491536 k
rss_usage_in_bytes: 1232208 k
cache_usage_in_bytes: 231328 k
kernel_memory_limit_in_bytes: unlimited
kernel_memory_usage_in_bytes: 27476 k
kernel_memory_max_usage_in_bytes: 72012 k
maximum number of tasks: unlimited
current number of tasks: 128

KVM virtualization detected
Steal ticks since vm start: 698
Steal ticks percentage since vm start:  0.469

CPU: total 2 (initial active 2) (2 cores per cpu, 1 threads per core) family 6 model 85 stepping 7 microcode 0x1, cx8, cmov, fxsr, mmx, 3dnowpref, sse, sse2, sse3, ssse3, sse4.1, sse4.2, popcnt, lzcnt, tsc, tscinvbit, avx, avx2, aes, erms, clmul, bmi1, bmi2, adx, avx512f, avx512dq, avx512cd, avx512bw, avx512vl, fma, vzeroupper, avx512_vnni, clflush, clflushopt, clwb, hv, rdtscp, f16c
CPU Model and flags from /proc/cpuinfo:
model name	: Intel(R) Xeon(R) Processor @ 2.50GHz
flags		: fpu vme de pse tsc msr pae mce cx8 apic sep mtrr pge mca cmov pat pse36 clflush mmx fxsr sse sse2 ss ht syscall nx pdpe1gb rdtscp lm constant_tsc rep_good nopl xtopology nonstop_tsc cpuid tsc_known_freq pni pclmulqdq ssse3 fma cx16 pcid sse4_1 sse4_2 x2apic movbe popcnt tsc_deadline_timer aes xsave avx f16c rdrand hypervisor lahf_lm abm 3dnowprefetch cpuid_fault invpcid_single ssbd ibrs ibpb stibp ibrs_enhanced fsgsbase tsc_adjust bmi1 avx2 smep bmi2 erms invpcid mpx avx512f avx512dq rdseed adx smap clflushopt clwb avx512cd avx512bw avx512vl xsaveopt xsavec xgetbv1 xsaves umip avx512_vnni md_clear arch_capabilities

Online cpus: 0-1
Offline cpus: 
BIOS frequency limitation: <Not Available>
Frequency switch latency (ns): <Not Available>
Available cpu frequencies: <Not Available>
Current governor: <Not Available>
Core performance/turbo boost: <Not Available>

Memory: 4k page, physical 2097152k(605616k free), swap 0k(0k free)
Page Sizes: 4k

vm_info: OpenJDK 64-Bit Server VM (25.0.4.1+1-LTS) for linux-amd64 JRE (25.0.4.1+1-LTS), built on 2026-08-18T00:00:00Z with gcc 14.2.0

END.
